,ConfirmedForeignNational,ConfirmedIndianNational,Cured,Date,Deaths,State/UnionTerritory
0,0.0,1.0,0.0,30/01/20,0.0,Kerala
1,0.0,1.0,0.0,31/01/20,0.0,Kerala
2,0.0,2.0,0.0,01/02/20,0.0,Kerala
3,0.0,3.0,0.0,02/02/20,0.0,Kerala
4,0.0,3.0,0.0,03/02/20,0.0,Kerala
5,0.0,3.0,0.0,04/02/20,0.0,Kerala
6,0.0,3.0,0.0,05/02/20,0.0,Kerala
7,0.0,3.0,0.0,06/02/20,0.0,Kerala
8,0.0,3.0,0.0,07/02/20,0.0,Kerala
9,0.0,3.0,0.0,08/02/20,0.0,Kerala
10,0.0,3.0,0.0,09/02/20,0.0,Kerala
11,0.0,3.0,0.0,10/02/20,0.0,Kerala
12,0.0,3.0,0.0,11/02/20,0.0,Kerala
13,0.0,3.0,0.0,12/02/20,0.0,Kerala
14,0.0,3.0,0.0,13/02/20,0.0,Kerala
15,0.0,3.0,0.0,14/02/20,0.0,Kerala
16,0.0,3.0,0.0,15/02/20,0.0,Kerala
17,0.0,3.0,0.0,16/02/20,0.0,Kerala
18,0.0,3.0,0.0,17/02/20,0.0,Kerala
19,0.0,3.0,0.0,18/02/20,0.0,Kerala
20,0.0,3.0,0.0,19/02/20,0.0,Kerala
21,0.0,3.0,0.0,20/02/20,0.0,Kerala
22,0.0,3.0,0.0,21/02/20,0.0,Kerala
23,0.0,3.0,0.0,22/02/20,0.0,Kerala
24,0.0,3.0,0.0,23/02/20,0.0,Kerala
25,0.0,3.0,0.0,24/02/20,0.0,Kerala
26,0.0,3.0,0.0,25/02/20,0.0,Kerala
27,0.0,3.0,0.0,26/02/20,0.0,Kerala
28,0.0,3.0,0.0,27/02/20,0.0,Kerala
29,0.0,3.0,0.0,28/02/20,0.0,Kerala
30,0.0,3.0,0.0,29/02/20,0.0,Kerala
31,0.0,3.0,0.0,01/03/20,0.0,Kerala
32,0.0,1.0,0.0,02/03/20,0.0,Telengana
33,0.0,3.0,0.0,02/03/20,0.0,Kerala
34,0.0,1.0,0.0,02/03/20,0.0,Delhi
35,0.0,1.0,0.0,03/03/20,0.0,Telengana
36,1.0,0.0,0.0,03/03/20,0.0,Rajasthan
37,0.0,3.0,3.0,03/03/20,0.0,Kerala
38,0.0,1.0,0.0,03/03/20,0.0,Delhi
39,0.0,6.0,0.0,04/03/20,0.0,Uttar Pradesh
40,0.0,3.0,3.0,04/03/20,0.0,Kerala
41,2.0,0.0,0.0,04/03/20,0.0,Haryana
42,0.0,1.0,0.0,04/03/20,0.0,Delhi
43,0.0,1.0,0.0,04/03/20,0.0,Telengana
44,14.0,1.0,0.0,04/03/20,0.0,Rajasthan
45,0.0,2.0,0.0,05/03/20,0.0,Delhi
46,2.0,0.0,0.0,05/03/20,0.0,Haryana
47,0.0,3.0,3.0,05/03/20,0.0,Kerala
48,14.0,1.0,0.0,05/03/20,0.0,Rajasthan
49,0.0,1.0,0.0,05/03/20,0.0,Telengana
50,0.0,7.0,0.0,05/03/20,0.0,Uttar Pradesh
51,0.0,3.0,0.0,06/03/20,0.0,Delhi
52,2.0,0.0,0.0,06/03/20,0.0,Haryana
53,0.0,3.0,3.0,06/03/20,0.0,Kerala
54,14.0,1.0,0.0,06/03/20,0.0,Rajasthan
55,0.0,7.0,0.0,06/03/20,0.0,Uttar Pradesh
56,0.0,1.0,0.0,06/03/20,0.0,Telengana
57,0.0,3.0,3.0,07/03/20,0.0,Kerala
58,0.0,7.0,0.0,07/03/20,0.0,Uttar Pradesh
59,0.0,2.0,0.0,07/03/20,0.0,Union Territory of Ladakh
60,0.0,1.0,0.0,07/03/20,0.0,Telengana
61,0.0,1.0,0.0,07/03/20,0.0,Tamil Nadu
62,0.0,3.0,0.0,07/03/20,0.0,Delhi
63,2.0,0.0,0.0,07/03/20,0.0,Haryana
64,14.0,1.0,0.0,07/03/20,0.0,Rajasthan
65,0.0,2.0,0.0,08/03/20,0.0,Union Territory of Ladakh
66,0.0,1.0,0.0,08/03/20,0.0,Telengana
67,0.0,1.0,0.0,08/03/20,0.0,Tamil Nadu
68,14.0,1.0,0.0,08/03/20,0.0,Rajasthan
69,0.0,8.0,3.0,08/03/20,0.0,Kerala
70,2.0,0.0,0.0,08/03/20,0.0,Haryana
71,0.0,3.0,0.0,08/03/20,0.0,Delhi
72,0.0,7.0,0.0,08/03/20,0.0,Uttar Pradesh
73,0.0,2.0,0.0,09/03/20,0.0,Union Territory of Ladakh
74,0.0,1.0,0.0,09/03/20,0.0,Karnataka
75,0.0,9.0,3.0,09/03/20,0.0,Kerala
76,0.0,2.0,0.0,09/03/20,0.0,Maharashtra
77,0.0,1.0,0.0,09/03/20,0.0,Punjab
78,14.0,1.0,0.0,09/03/20,0.0,Rajasthan
79,0.0,1.0,0.0,09/03/20,0.0,Tamil Nadu
80,0.0,1.0,0.0,09/03/20,0.0,Telengana
81,0.0,1.0,0.0,09/03/20,0.0,Union Territory of Jammu and Kashmir
82,0.0,7.0,0.0,09/03/20,0.0,Uttar Pradesh
83,2.0,0.0,0.0,09/03/20,0.0,Haryana
84,0.0,4.0,0.0,09/03/20,0.0,Delhi
85,0.0,7.0,0.0,10/03/20,0.0,Uttar Pradesh
86,0.0,2.0,0.0,10/03/20,0.0,Union Territory of Ladakh
87,0.0,4.0,0.0,10/03/20,0.0,Delhi
88,2.0,0.0,0.0,10/03/20,0.0,Haryana
89,0.0,4.0,0.0,10/03/20,0.0,Karnataka
90,0.0,15.0,3.0,10/03/20,0.0,Kerala
91,0.0,5.0,0.0,10/03/20,0.0,Maharashtra
92,0.0,1.0,0.0,10/03/20,0.0,Punjab
93,14.0,1.0,0.0,10/03/20,0.0,Rajasthan
94,0.0,1.0,0.0,10/03/20,0.0,Tamil Nadu
95,0.0,1.0,0.0,10/03/20,0.0,Telengana
96,0.0,1.0,0.0,10/03/20,0.0,Union Territory of Jammu and Kashmir
97,0.0,2.0,0.0,11/03/20,0.0,Maharashtra
98,0.0,5.0,0.0,11/03/20,0.0,Delhi
99,14.0,0.0,0.0,11/03/20,0.0,Haryana
100,0.0,17.0,3.0,11/03/20,0.0,Kerala
101,2.0,1.0,0.0,11/03/20,0.0,Rajasthan
102,0.0,1.0,0.0,11/03/20,0.0,Telengana
103,0.0,9.0,0.0,11/03/20,0.0,Uttar Pradesh
104,0.0,2.0,0.0,11/03/20,0.0,Union Territory of Ladakh
105,0.0,1.0,0.0,11/03/20,0.0,Tamil Nadu
106,0.0,1.0,0.0,11/03/20,0.0,Union Territory of Jammu and Kashmir
107,0.0,1.0,0.0,11/03/20,0.0,Punjab
108,0.0,4.0,0.0,11/03/20,0.0,Karnataka
109,0.0,6.0,0.0,12/03/20,0.0,Delhi
110,14.0,0.0,0.0,12/03/20,0.0,Haryana
111,0.0,17.0,3.0,12/03/20,0.0,Kerala
112,2.0,1.0,0.0,12/03/20,0.0,Rajasthan
113,0.0,1.0,0.0,12/03/20,0.0,Telengana
114,1.0,10.0,0.0,12/03/20,0.0,Uttar Pradesh
115,0.0,3.0,0.0,12/03/20,0.0,Union Territory of Ladakh
116,0.0,1.0,0.0,12/03/20,0.0,Tamil Nadu
117,0.0,1.0,0.0,12/03/20,0.0,Union Territory of Jammu and Kashmir
118,0.0,1.0,0.0,12/03/20,0.0,Punjab
119,0.0,4.0,0.0,12/03/20,0.0,Karnataka
120,0.0,11.0,0.0,12/03/20,0.0,Maharashtra
121,0.0,1.0,0.0,12/03/20,0.0,Andhra Pradesh
122,0.0,6.0,0.0,13/03/20,0.0,Delhi
123,14.0,0.0,0.0,13/03/20,0.0,Haryana
124,0.0,19.0,3.0,13/03/20,0.0,Kerala
125,2.0,1.0,0.0,13/03/20,0.0,Rajasthan
126,0.0,1.0,0.0,13/03/20,0.0,Telengana
127,1.0,10.0,0.0,13/03/20,0.0,Uttar Pradesh
128,0.0,3.0,0.0,13/03/20,0.0,Union Territory of Ladakh
129,0.0,1.0,0.0,13/03/20,0.0,Tamil Nadu
130,0.0,1.0,0.0,13/03/20,0.0,Union Territory of Jammu and Kashmir
131,0.0,1.0,0.0,13/03/20,0.0,Punjab
132,0.0,6.0,0.0,13/03/20,1.0,Karnataka
133,0.0,14.0,0.0,13/03/20,0.0,Maharashtra
134,0.0,1.0,0.0,13/03/20,0.0,Andhra Pradesh
135,0.0,7.0,1.0,14/03/20,1.0,Delhi
136,14.0,0.0,0.0,14/03/20,0.0,Haryana
137,0.0,19.0,3.0,14/03/20,0.0,Kerala
138,2.0,1.0,1.0,14/03/20,0.0,Rajasthan
139,0.0,1.0,0.0,14/03/20,0.0,Telengana
140,1.0,11.0,5.0,14/03/20,0.0,Uttar Pradesh
141,0.0,3.0,0.0,14/03/20,0.0,Union Territory of Ladakh
142,0.0,1.0,0.0,14/03/20,0.0,Tamil Nadu
143,0.0,2.0,0.0,14/03/20,0.0,Union Territory of Jammu and Kashmir
144,0.0,1.0,0.0,14/03/20,0.0,Punjab
145,0.0,6.0,0.0,14/03/20,1.0,Karnataka
146,0.0,14.0,0.0,14/03/20,0.0,Maharashtra
147,0.0,1.0,0.0,14/03/20,0.0,Andhra Pradesh
148,0.0,1.0,0.0,15/03/20,0.0,Andhra Pradesh
149,0.0,7.0,2.0,15/03/20,1.0,Delhi
150,14.0,0.0,0.0,15/03/20,0.0,Haryana
151,0.0,6.0,0.0,15/03/20,1.0,Karnataka
152,0.0,22.0,3.0,15/03/20,0.0,Kerala
153,0.0,32.0,0.0,15/03/20,0.0,Maharashtra
154,0.0,1.0,0.0,15/03/20,0.0,Punjab
155,2.0,2.0,3.0,15/03/20,0.0,Rajasthan
156,0.0,1.0,0.0,15/03/20,0.0,Tamil Nadu
157,0.0,3.0,1.0,15/03/20,0.0,Telengana
158,0.0,2.0,0.0,15/03/20,0.0,Union Territory of Jammu and Kashmir
159,0.0,3.0,0.0,15/03/20,0.0,Union Territory of Ladakh
160,1.0,12.0,4.0,15/03/20,0.0,Uttar Pradesh
161,0.0,1.0,0.0,15/03/20,0.0,Uttarakhand
162,0.0,1.0,0.0,16/03/20,0.0,Andhra Pradesh
163,0.0,7.0,2.0,16/03/20,1.0,Delhi
164,14.0,0.0,0.0,16/03/20,0.0,Haryana
165,0.0,6.0,0.0,16/03/20,1.0,Karnataka
166,0.0,23.0,3.0,16/03/20,0.0,Kerala
167,0.0,32.0,0.0,16/03/20,0.0,Maharashtra
168,0.0,1.0,0.0,16/03/20,0.0,Odisha
169,0.0,1.0,0.0,16/03/20,0.0,Punjab
170,2.0,2.0,3.0,16/03/20,0.0,Rajasthan
171,0.0,1.0,0.0,16/03/20,0.0,Tamil Nadu
172,0.0,3.0,1.0,16/03/20,0.0,Telengana
173,0.0,3.0,0.0,16/03/20,0.0,Union Territory of Jammu and Kashmir
174,0.0,4.0,0.0,16/03/20,0.0,Union Territory of Ladakh
175,1.0,12.0,4.0,16/03/20,0.0,Uttar Pradesh
176,0.0,1.0,0.0,16/03/20,0.0,Uttarakhand
177,0.0,1.0,0.0,17/03/20,0.0,Andhra Pradesh
178,0.0,8.0,2.0,17/03/20,1.0,Delhi
179,14.0,1.0,0.0,17/03/20,0.0,Haryana
180,0.0,11.0,0.0,17/03/20,1.0,Karnataka
181,2.0,24.0,3.0,17/03/20,0.0,Kerala
182,3.0,36.0,0.0,17/03/20,1.0,Maharashtra
183,0.0,1.0,0.0,17/03/20,0.0,Odisha
184,0.0,1.0,0.0,17/03/20,0.0,Punjab
185,2.0,2.0,3.0,17/03/20,0.0,Rajasthan
186,0.0,1.0,0.0,17/03/20,0.0,Tamil Nadu
187,2.0,3.0,1.0,17/03/20,0.0,Telengana
188,0.0,3.0,0.0,17/03/20,0.0,Union Territory of Jammu and Kashmir
189,0.0,6.0,0.0,17/03/20,0.0,Union Territory of Ladakh
190,1.0,14.0,5.0,17/03/20,0.0,Uttar Pradesh
191,0.0,1.0,0.0,17/03/20,0.0,Uttarakhand
192,0.0,1.0,0.0,18/03/20,0.0,Andhra Pradesh
193,1.0,9.0,2.0,18/03/20,1.0,Delhi
194,14.0,3.0,0.0,18/03/20,0.0,Haryana
195,0.0,11.0,0.0,18/03/20,1.0,Karnataka
196,2.0,25.0,3.0,18/03/20,0.0,Kerala
197,3.0,39.0,0.0,18/03/20,1.0,Maharashtra
198,0.0,1.0,0.0,18/03/20,0.0,Odisha
199,0.0,1.0,0.0,18/03/20,0.0,Pondicherry
200,0.0,1.0,0.0,18/03/20,0.0,Punjab
201,2.0,2.0,3.0,18/03/20,0.0,Rajasthan
202,0.0,1.0,0.0,18/03/20,0.0,Tamil Nadu
203,2.0,4.0,1.0,18/03/20,0.0,Telengana
204,0.0,3.0,0.0,18/03/20,0.0,Union Territory of Jammu and Kashmir
205,0.0,8.0,0.0,18/03/20,0.0,Union Territory of Ladakh
206,1.0,15.0,5.0,18/03/20,0.0,Uttar Pradesh
207,0.0,1.0,0.0,18/03/20,0.0,Uttarakhand
208,0.0,1.0,0.0,18/03/20,0.0,West Bengal
209,0.0,2.0,0.0,19/03/20,0.0,Andhra Pradesh
210,0.0,1.0,0.0,19/03/20,0.0,Chattisgarh
211,1.0,11.0,3.0,19/03/20,1.0,Delhi
212,14.0,3.0,0.0,19/03/20,0.0,Haryana
213,0.0,14.0,0.0,19/03/20,1.0,Karnataka
214,2.0,25.0,3.0,19/03/20,0.0,Kerala
215,3.0,44.0,0.0,19/03/20,1.0,Maharashtra
216,0.0,1.0,0.0,19/03/20,0.0,Odisha
217,0.0,1.0,0.0,19/03/20,0.0,Pondicherry
218,0.0,2.0,0.0,19/03/20,1.0,Punjab
219,2.0,5.0,3.0,19/03/20,0.0,Rajasthan
220,0.0,2.0,1.0,19/03/20,0.0,Tamil Nadu
221,2.0,4.0,1.0,19/03/20,0.0,Telengana
222,0.0,1.0,0.0,19/03/20,0.0,Union Territory of Chandigarh
223,0.0,4.0,0.0,19/03/20,0.0,Union Territory of Jammu and Kashmir
224,0.0,8.0,0.0,19/03/20,0.0,Union Territory of Ladakh
225,1.0,18.0,9.0,19/03/20,0.0,Uttar Pradesh
226,0.0,1.0,0.0,19/03/20,0.0,Uttarakhand
227,0.0,1.0,0.0,19/03/20,0.0,West Bengal
228,0.0,3.0,0.0,20/03/20,0.0,Andhra Pradesh
229,0.0,1.0,0.0,20/03/20,0.0,Chhattisgarh
230,1.0,16.0,5.0,20/03/20,1.0,Delhi
231,0.0,5.0,0.0,20/03/20,0.0,Gujarat
232,14.0,3.0,0.0,20/03/20,0.0,Haryana
233,0.0,15.0,1.0,20/03/20,1.0,Karnataka
234,2.0,26.0,3.0,20/03/20,0.0,Kerala
235,3.0,49.0,0.0,20/03/20,1.0,Maharashtra
236,0.0,2.0,0.0,20/03/20,0.0,Odisha
237,0.0,1.0,0.0,20/03/20,0.0,Puducherry
238,0.0,2.0,0.0,20/03/20,1.0,Punjab
239,2.0,15.0,3.0,20/03/20,0.0,Rajasthan
240,0.0,3.0,1.0,20/03/20,0.0,Tamil Nadu
241,9.0,8.0,1.0,20/03/20,0.0,Telengana
242,0.0,1.0,0.0,20/03/20,0.0,Union Territory of Chandigarh
243,0.0,4.0,0.0,20/03/20,0.0,Union Territory of Jammu and Kashmir
244,0.0,10.0,0.0,20/03/20,0.0,Union Territory of Ladakh
245,1.0,22.0,9.0,20/03/20,0.0,Uttar Pradesh
246,0.0,3.0,0.0,20/03/20,0.0,Uttarakhand
247,0.0,2.0,0.0,20/03/20,0.0,West Bengal
248,0.0,3.0,0.0,21/03/20,0.0,Andhra Pradesh
249,0.0,1.0,0.0,21/03/20,0.0,Chhattisgarh
250,1.0,25.0,5.0,21/03/20,1.0,Delhi
251,0.0,7.0,0.0,21/03/20,0.0,Gujarat
252,14.0,3.0,0.0,21/03/20,0.0,Haryana
253,0.0,2.0,0.0,21/03/20,0.0,Himachal Pradesh
254,0.0,15.0,1.0,21/03/20,1.0,Karnataka
255,7.0,33.0,3.0,21/03/20,0.0,Kerala
256,0.0,4.0,0.0,21/03/20,0.0,Madhya Pradesh
257,3.0,60.0,0.0,21/03/20,1.0,Maharashtra
258,0.0,2.0,0.0,21/03/20,0.0,Odisha
259,0.0,1.0,0.0,21/03/20,0.0,Puducherry
260,0.0,13.0,0.0,21/03/20,1.0,Punjab
261,2.0,15.0,3.0,21/03/20,0.0,Rajasthan
262,0.0,3.0,1.0,21/03/20,0.0,Tamil Nadu
263,11.0,10.0,1.0,21/03/20,0.0,Telengana
264,0.0,1.0,0.0,21/03/20,0.0,Chandigarh
265,0.0,4.0,0.0,21/03/20,0.0,Jammu and Kashmir
266,0.0,13.0,0.0,21/03/20,0.0,Ladakh
267,1.0,23.0,9.0,21/03/20,0.0,Uttar Pradesh
268,0.0,3.0,0.0,21/03/20,0.0,Uttarakhand
269,0.0,3.0,0.0,21/03/20,0.0,West Bengal
270,0.0,5.0,0.0,22/03/20,0.0,Andhra Pradesh
271,0.0,2.0,0.0,22/03/20,1.0,Bihar
272,0.0,1.0,0.0,22/03/20,0.0,Chhattisgarh
273,1.0,28.0,5.0,22/03/20,1.0,Delhi
274,0.0,18.0,0.0,22/03/20,1.0,Gujarat
275,14.0,7.0,0.0,22/03/20,0.0,Haryana
276,0.0,2.0,0.0,22/03/20,0.0,Himachal Pradesh
277,0.0,26.0,2.0,22/03/20,1.0,Karnataka
278,7.0,45.0,3.0,22/03/20,0.0,Kerala
279,0.0,4.0,0.0,22/03/20,0.0,Madhya Pradesh
280,3.0,64.0,0.0,22/03/20,2.0,Maharashtra
281,0.0,2.0,0.0,22/03/20,0.0,Odisha
282,0.0,1.0,0.0,22/03/20,0.0,Puducherry
283,0.0,21.0,0.0,22/03/20,1.0,Punjab
284,2.0,22.0,3.0,22/03/20,0.0,Rajasthan
285,2.0,5.0,1.0,22/03/20,0.0,Tamil Nadu
286,11.0,11.0,1.0,22/03/20,0.0,Telengana
287,0.0,5.0,0.0,22/03/20,0.0,Chandigarh
288,0.0,4.0,0.0,22/03/20,0.0,Jammu and Kashmir
289,0.0,13.0,0.0,22/03/20,0.0,Ladakh
290,1.0,26.0,9.0,22/03/20,0.0,Uttar Pradesh
291,0.0,3.0,0.0,22/03/20,0.0,Uttarakhand
292,0.0,4.0,0.0,22/03/20,0.0,West Bengal
293,0.0,0.0,0.0,30/01/20,0.0,Andhra Pradesh
294,0.0,0.0,0.0,31/01/20,0.0,Andhra Pradesh
295,0.0,0.0,0.0,01/02/20,0.0,Andhra Pradesh
296,0.0,0.0,0.0,02/02/20,0.0,Andhra Pradesh
297,0.0,0.0,0.0,03/02/20,0.0,Andhra Pradesh
298,0.0,0.0,0.0,04/02/20,0.0,Andhra Pradesh
299,0.0,0.0,0.0,05/02/20,0.0,Andhra Pradesh
300,0.0,0.0,0.0,06/02/20,0.0,Andhra Pradesh
301,0.0,0.0,0.0,07/02/20,0.0,Andhra Pradesh
302,0.0,0.0,0.0,08/02/20,0.0,Andhra Pradesh
303,0.0,0.0,0.0,09/02/20,0.0,Andhra Pradesh
304,0.0,0.0,0.0,10/02/20,0.0,Andhra Pradesh
305,0.0,0.0,0.0,11/02/20,0.0,Andhra Pradesh
306,0.0,0.0,0.0,12/02/20,0.0,Andhra Pradesh
307,0.0,0.0,0.0,13/02/20,0.0,Andhra Pradesh
308,0.0,0.0,0.0,14/02/20,0.0,Andhra Pradesh
309,0.0,0.0,0.0,15/02/20,0.0,Andhra Pradesh
310,0.0,0.0,0.0,16/02/20,0.0,Andhra Pradesh
311,0.0,0.0,0.0,17/02/20,0.0,Andhra Pradesh
312,0.0,0.0,0.0,18/02/20,0.0,Andhra Pradesh
313,0.0,0.0,0.0,19/02/20,0.0,Andhra Pradesh
314,0.0,0.0,0.0,20/02/20,0.0,Andhra Pradesh
315,0.0,0.0,0.0,21/02/20,0.0,Andhra Pradesh
316,0.0,0.0,0.0,22/02/20,0.0,Andhra Pradesh
317,0.0,0.0,0.0,23/02/20,0.0,Andhra Pradesh
318,0.0,0.0,0.0,24/02/20,0.0,Andhra Pradesh
319,0.0,0.0,0.0,25/02/20,0.0,Andhra Pradesh
320,0.0,0.0,0.0,26/02/20,0.0,Andhra Pradesh
321,0.0,0.0,0.0,27/02/20,0.0,Andhra Pradesh
322,0.0,0.0,0.0,28/02/20,0.0,Andhra Pradesh
323,0.0,0.0,0.0,29/02/20,0.0,Andhra Pradesh
324,0.0,0.0,0.0,01/03/20,0.0,Andhra Pradesh
325,0.0,0.0,0.0,02/03/20,0.0,Andhra Pradesh
326,0.0,0.0,0.0,03/03/20,0.0,Andhra Pradesh
327,0.0,0.0,0.0,04/03/20,0.0,Andhra Pradesh
328,0.0,0.0,0.0,05/03/20,0.0,Andhra Pradesh
329,0.0,0.0,0.0,06/03/20,0.0,Andhra Pradesh
330,0.0,0.0,0.0,07/03/20,0.0,Andhra Pradesh
331,0.0,0.0,0.0,08/03/20,0.0,Andhra Pradesh
332,0.0,0.0,0.0,09/03/20,0.0,Andhra Pradesh
333,0.0,0.0,0.0,10/03/20,0.0,Andhra Pradesh
334,0.0,0.0,0.0,11/03/20,0.0,Andhra Pradesh
335,0.0,0.0,0.0,30/01/20,0.0,Bihar
336,0.0,0.0,0.0,31/01/20,0.0,Bihar
337,0.0,0.0,0.0,01/02/20,0.0,Bihar
338,0.0,0.0,0.0,02/02/20,0.0,Bihar
339,0.0,0.0,0.0,03/02/20,0.0,Bihar
340,0.0,0.0,0.0,04/02/20,0.0,Bihar
341,0.0,0.0,0.0,05/02/20,0.0,Bihar
342,0.0,0.0,0.0,06/02/20,0.0,Bihar
343,0.0,0.0,0.0,07/02/20,0.0,Bihar
344,0.0,0.0,0.0,08/02/20,0.0,Bihar
345,0.0,0.0,0.0,09/02/20,0.0,Bihar
346,0.0,0.0,0.0,10/02/20,0.0,Bihar
347,0.0,0.0,0.0,11/02/20,0.0,Bihar
348,0.0,0.0,0.0,12/02/20,0.0,Bihar
349,0.0,0.0,0.0,13/02/20,0.0,Bihar
350,0.0,0.0,0.0,14/02/20,0.0,Bihar
351,0.0,0.0,0.0,15/02/20,0.0,Bihar
352,0.0,0.0,0.0,16/02/20,0.0,Bihar
353,0.0,0.0,0.0,17/02/20,0.0,Bihar
354,0.0,0.0,0.0,18/02/20,0.0,Bihar
355,0.0,0.0,0.0,19/02/20,0.0,Bihar
356,0.0,0.0,0.0,20/02/20,0.0,Bihar
357,0.0,0.0,0.0,21/02/20,0.0,Bihar
358,0.0,0.0,0.0,22/02/20,0.0,Bihar
359,0.0,0.0,0.0,23/02/20,0.0,Bihar
360,0.0,0.0,0.0,24/02/20,0.0,Bihar
361,0.0,0.0,0.0,25/02/20,0.0,Bihar
362,0.0,0.0,0.0,26/02/20,0.0,Bihar
363,0.0,0.0,0.0,27/02/20,0.0,Bihar
364,0.0,0.0,0.0,28/02/20,0.0,Bihar
365,0.0,0.0,0.0,29/02/20,0.0,Bihar
366,0.0,0.0,0.0,01/03/20,0.0,Bihar
367,0.0,0.0,0.0,02/03/20,0.0,Bihar
368,0.0,0.0,0.0,03/03/20,0.0,Bihar
369,0.0,0.0,0.0,04/03/20,0.0,Bihar
370,0.0,0.0,0.0,05/03/20,0.0,Bihar
371,0.0,0.0,0.0,06/03/20,0.0,Bihar
372,0.0,0.0,0.0,07/03/20,0.0,Bihar
373,0.0,0.0,0.0,08/03/20,0.0,Bihar
374,0.0,0.0,0.0,09/03/20,0.0,Bihar
375,0.0,0.0,0.0,10/03/20,0.0,Bihar
376,0.0,0.0,0.0,11/03/20,0.0,Bihar
377,0.0,0.0,0.0,12/03/20,0.0,Bihar
378,0.0,0.0,0.0,13/03/20,0.0,Bihar
379,0.0,0.0,0.0,14/03/20,0.0,Bihar
380,0.0,0.0,0.0,15/03/20,0.0,Bihar
381,0.0,0.0,0.0,16/03/20,0.0,Bihar
382,0.0,0.0,0.0,17/03/20,0.0,Bihar
383,0.0,0.0,0.0,18/03/20,0.0,Bihar
384,0.0,0.0,0.0,19/03/20,0.0,Bihar
385,0.0,0.0,0.0,20/03/20,0.0,Bihar
386,0.0,0.0,0.0,21/03/20,0.0,Bihar
387,0.0,0.0,0.0,30/01/20,0.0,Chandigarh
388,0.0,0.0,0.0,31/01/20,0.0,Chandigarh
389,0.0,0.0,0.0,01/02/20,0.0,Chandigarh
390,0.0,0.0,0.0,02/02/20,0.0,Chandigarh
391,0.0,0.0,0.0,03/02/20,0.0,Chandigarh
392,0.0,0.0,0.0,04/02/20,0.0,Chandigarh
393,0.0,0.0,0.0,05/02/20,0.0,Chandigarh
394,0.0,0.0,0.0,06/02/20,0.0,Chandigarh
395,0.0,0.0,0.0,07/02/20,0.0,Chandigarh
396,0.0,0.0,0.0,08/02/20,0.0,Chandigarh
397,0.0,0.0,0.0,09/02/20,0.0,Chandigarh
398,0.0,0.0,0.0,10/02/20,0.0,Chandigarh
399,0.0,0.0,0.0,11/02/20,0.0,Chandigarh
400,0.0,0.0,0.0,12/02/20,0.0,Chandigarh
401,0.0,0.0,0.0,13/02/20,0.0,Chandigarh
402,0.0,0.0,0.0,14/02/20,0.0,Chandigarh
403,0.0,0.0,0.0,15/02/20,0.0,Chandigarh
404,0.0,0.0,0.0,16/02/20,0.0,Chandigarh
405,0.0,0.0,0.0,17/02/20,0.0,Chandigarh
406,0.0,0.0,0.0,18/02/20,0.0,Chandigarh
407,0.0,0.0,0.0,19/02/20,0.0,Chandigarh
408,0.0,0.0,0.0,20/02/20,0.0,Chandigarh
409,0.0,0.0,0.0,21/02/20,0.0,Chandigarh
410,0.0,0.0,0.0,22/02/20,0.0,Chandigarh
411,0.0,0.0,0.0,23/02/20,0.0,Chandigarh
412,0.0,0.0,0.0,24/02/20,0.0,Chandigarh
413,0.0,0.0,0.0,25/02/20,0.0,Chandigarh
414,0.0,0.0,0.0,26/02/20,0.0,Chandigarh
415,0.0,0.0,0.0,27/02/20,0.0,Chandigarh
416,0.0,0.0,0.0,28/02/20,0.0,Chandigarh
417,0.0,0.0,0.0,29/02/20,0.0,Chandigarh
418,0.0,0.0,0.0,01/03/20,0.0,Chandigarh
419,0.0,0.0,0.0,02/03/20,0.0,Chandigarh
420,0.0,0.0,0.0,03/03/20,0.0,Chandigarh
421,0.0,0.0,0.0,04/03/20,0.0,Chandigarh
422,0.0,0.0,0.0,05/03/20,0.0,Chandigarh
423,0.0,0.0,0.0,06/03/20,0.0,Chandigarh
424,0.0,0.0,0.0,07/03/20,0.0,Chandigarh
425,0.0,0.0,0.0,08/03/20,0.0,Chandigarh
426,0.0,0.0,0.0,09/03/20,0.0,Chandigarh
427,0.0,0.0,0.0,10/03/20,0.0,Chandigarh
428,0.0,0.0,0.0,11/03/20,0.0,Chandigarh
429,0.0,0.0,0.0,12/03/20,0.0,Chandigarh
430,0.0,0.0,0.0,13/03/20,0.0,Chandigarh
431,0.0,0.0,0.0,14/03/20,0.0,Chandigarh
432,0.0,0.0,0.0,15/03/20,0.0,Chandigarh
433,0.0,0.0,0.0,16/03/20,0.0,Chandigarh
434,0.0,0.0,0.0,17/03/20,0.0,Chandigarh
435,0.0,0.0,0.0,18/03/20,0.0,Chandigarh
436,0.0,0.0,0.0,19/03/20,0.0,Chandigarh
437,0.0,0.0,0.0,20/03/20,0.0,Chandigarh
438,0.0,0.0,0.0,30/01/20,0.0,Chattisgarh
439,0.0,0.0,0.0,31/01/20,0.0,Chattisgarh
440,0.0,0.0,0.0,01/02/20,0.0,Chattisgarh
441,0.0,0.0,0.0,02/02/20,0.0,Chattisgarh
442,0.0,0.0,0.0,03/02/20,0.0,Chattisgarh
443,0.0,0.0,0.0,04/02/20,0.0,Chattisgarh
444,0.0,0.0,0.0,05/02/20,0.0,Chattisgarh
445,0.0,0.0,0.0,06/02/20,0.0,Chattisgarh
446,0.0,0.0,0.0,07/02/20,0.0,Chattisgarh
447,0.0,0.0,0.0,08/02/20,0.0,Chattisgarh
448,0.0,0.0,0.0,09/02/20,0.0,Chattisgarh
449,0.0,0.0,0.0,10/02/20,0.0,Chattisgarh
450,0.0,0.0,0.0,11/02/20,0.0,Chattisgarh
451,0.0,0.0,0.0,12/02/20,0.0,Chattisgarh
452,0.0,0.0,0.0,13/02/20,0.0,Chattisgarh
453,0.0,0.0,0.0,14/02/20,0.0,Chattisgarh
454,0.0,0.0,0.0,15/02/20,0.0,Chattisgarh
455,0.0,0.0,0.0,16/02/20,0.0,Chattisgarh
456,0.0,0.0,0.0,17/02/20,0.0,Chattisgarh
457,0.0,0.0,0.0,18/02/20,0.0,Chattisgarh
458,0.0,0.0,0.0,19/02/20,0.0,Chattisgarh
459,0.0,0.0,0.0,20/02/20,0.0,Chattisgarh
460,0.0,0.0,0.0,21/02/20,0.0,Chattisgarh
461,0.0,0.0,0.0,22/02/20,0.0,Chattisgarh
462,0.0,0.0,0.0,23/02/20,0.0,Chattisgarh
463,0.0,0.0,0.0,24/02/20,0.0,Chattisgarh
464,0.0,0.0,0.0,25/02/20,0.0,Chattisgarh
465,0.0,0.0,0.0,26/02/20,0.0,Chattisgarh
466,0.0,0.0,0.0,27/02/20,0.0,Chattisgarh
467,0.0,0.0,0.0,28/02/20,0.0,Chattisgarh
468,0.0,0.0,0.0,29/02/20,0.0,Chattisgarh
469,0.0,0.0,0.0,01/03/20,0.0,Chattisgarh
470,0.0,0.0,0.0,02/03/20,0.0,Chattisgarh
471,0.0,0.0,0.0,03/03/20,0.0,Chattisgarh
472,0.0,0.0,0.0,04/03/20,0.0,Chattisgarh
473,0.0,0.0,0.0,05/03/20,0.0,Chattisgarh
474,0.0,0.0,0.0,06/03/20,0.0,Chattisgarh
475,0.0,0.0,0.0,07/03/20,0.0,Chattisgarh
476,0.0,0.0,0.0,08/03/20,0.0,Chattisgarh
477,0.0,0.0,0.0,09/03/20,0.0,Chattisgarh
478,0.0,0.0,0.0,10/03/20,0.0,Chattisgarh
479,0.0,0.0,0.0,11/03/20,0.0,Chattisgarh
480,0.0,0.0,0.0,12/03/20,0.0,Chattisgarh
481,0.0,0.0,0.0,13/03/20,0.0,Chattisgarh
482,0.0,0.0,0.0,14/03/20,0.0,Chattisgarh
483,0.0,0.0,0.0,15/03/20,0.0,Chattisgarh
484,0.0,0.0,0.0,16/03/20,0.0,Chattisgarh
485,0.0,0.0,0.0,17/03/20,0.0,Chattisgarh
486,0.0,0.0,0.0,18/03/20,0.0,Chattisgarh
487,0.0,0.0,0.0,30/01/20,0.0,Chhattisgarh
488,0.0,0.0,0.0,31/01/20,0.0,Chhattisgarh
489,0.0,0.0,0.0,01/02/20,0.0,Chhattisgarh
490,0.0,0.0,0.0,02/02/20,0.0,Chhattisgarh
491,0.0,0.0,0.0,03/02/20,0.0,Chhattisgarh
492,0.0,0.0,0.0,04/02/20,0.0,Chhattisgarh
493,0.0,0.0,0.0,05/02/20,0.0,Chhattisgarh
494,0.0,0.0,0.0,06/02/20,0.0,Chhattisgarh
495,0.0,0.0,0.0,07/02/20,0.0,Chhattisgarh
496,0.0,0.0,0.0,08/02/20,0.0,Chhattisgarh
497,0.0,0.0,0.0,09/02/20,0.0,Chhattisgarh
498,0.0,0.0,0.0,10/02/20,0.0,Chhattisgarh
499,0.0,0.0,0.0,11/02/20,0.0,Chhattisgarh
500,0.0,0.0,0.0,12/02/20,0.0,Chhattisgarh
501,0.0,0.0,0.0,13/02/20,0.0,Chhattisgarh
502,0.0,0.0,0.0,14/02/20,0.0,Chhattisgarh
503,0.0,0.0,0.0,15/02/20,0.0,Chhattisgarh
504,0.0,0.0,0.0,16/02/20,0.0,Chhattisgarh
505,0.0,0.0,0.0,17/02/20,0.0,Chhattisgarh
506,0.0,0.0,0.0,18/02/20,0.0,Chhattisgarh
507,0.0,0.0,0.0,19/02/20,0.0,Chhattisgarh
508,0.0,0.0,0.0,20/02/20,0.0,Chhattisgarh
509,0.0,0.0,0.0,21/02/20,0.0,Chhattisgarh
510,0.0,0.0,0.0,22/02/20,0.0,Chhattisgarh
511,0.0,0.0,0.0,23/02/20,0.0,Chhattisgarh
512,0.0,0.0,0.0,24/02/20,0.0,Chhattisgarh
513,0.0,0.0,0.0,25/02/20,0.0,Chhattisgarh
514,0.0,0.0,0.0,26/02/20,0.0,Chhattisgarh
515,0.0,0.0,0.0,27/02/20,0.0,Chhattisgarh
516,0.0,0.0,0.0,28/02/20,0.0,Chhattisgarh
517,0.0,0.0,0.0,29/02/20,0.0,Chhattisgarh
518,0.0,0.0,0.0,01/03/20,0.0,Chhattisgarh
519,0.0,0.0,0.0,02/03/20,0.0,Chhattisgarh
520,0.0,0.0,0.0,03/03/20,0.0,Chhattisgarh
521,0.0,0.0,0.0,04/03/20,0.0,Chhattisgarh
522,0.0,0.0,0.0,05/03/20,0.0,Chhattisgarh
523,0.0,0.0,0.0,06/03/20,0.0,Chhattisgarh
524,0.0,0.0,0.0,07/03/20,0.0,Chhattisgarh
525,0.0,0.0,0.0,08/03/20,0.0,Chhattisgarh
526,0.0,0.0,0.0,09/03/20,0.0,Chhattisgarh
527,0.0,0.0,0.0,10/03/20,0.0,Chhattisgarh
528,0.0,0.0,0.0,11/03/20,0.0,Chhattisgarh
529,0.0,0.0,0.0,12/03/20,0.0,Chhattisgarh
530,0.0,0.0,0.0,13/03/20,0.0,Chhattisgarh
531,0.0,0.0,0.0,14/03/20,0.0,Chhattisgarh
532,0.0,0.0,0.0,15/03/20,0.0,Chhattisgarh
533,0.0,0.0,0.0,16/03/20,0.0,Chhattisgarh
534,0.0,0.0,0.0,17/03/20,0.0,Chhattisgarh
535,0.0,0.0,0.0,18/03/20,0.0,Chhattisgarh
536,0.0,0.0,0.0,19/03/20,0.0,Chhattisgarh
537,0.0,0.0,0.0,30/01/20,0.0,Delhi
538,0.0,0.0,0.0,31/01/20,0.0,Delhi
539,0.0,0.0,0.0,01/02/20,0.0,Delhi
540,0.0,0.0,0.0,02/02/20,0.0,Delhi
541,0.0,0.0,0.0,03/02/20,0.0,Delhi
542,0.0,0.0,0.0,04/02/20,0.0,Delhi
543,0.0,0.0,0.0,05/02/20,0.0,Delhi
544,0.0,0.0,0.0,06/02/20,0.0,Delhi
545,0.0,0.0,0.0,07/02/20,0.0,Delhi
546,0.0,0.0,0.0,08/02/20,0.0,Delhi
547,0.0,0.0,0.0,09/02/20,0.0,Delhi
548,0.0,0.0,0.0,10/02/20,0.0,Delhi
549,0.0,0.0,0.0,11/02/20,0.0,Delhi
550,0.0,0.0,0.0,12/02/20,0.0,Delhi
551,0.0,0.0,0.0,13/02/20,0.0,Delhi
552,0.0,0.0,0.0,14/02/20,0.0,Delhi
553,0.0,0.0,0.0,15/02/20,0.0,Delhi
554,0.0,0.0,0.0,16/02/20,0.0,Delhi
555,0.0,0.0,0.0,17/02/20,0.0,Delhi
556,0.0,0.0,0.0,18/02/20,0.0,Delhi
557,0.0,0.0,0.0,19/02/20,0.0,Delhi
558,0.0,0.0,0.0,20/02/20,0.0,Delhi
559,0.0,0.0,0.0,21/02/20,0.0,Delhi
560,0.0,0.0,0.0,22/02/20,0.0,Delhi
561,0.0,0.0,0.0,23/02/20,0.0,Delhi
562,0.0,0.0,0.0,24/02/20,0.0,Delhi
563,0.0,0.0,0.0,25/02/20,0.0,Delhi
564,0.0,0.0,0.0,26/02/20,0.0,Delhi
565,0.0,0.0,0.0,27/02/20,0.0,Delhi
566,0.0,0.0,0.0,28/02/20,0.0,Delhi
567,0.0,0.0,0.0,29/02/20,0.0,Delhi
568,0.0,0.0,0.0,01/03/20,0.0,Delhi
569,0.0,0.0,0.0,30/01/20,0.0,Gujarat
570,0.0,0.0,0.0,31/01/20,0.0,Gujarat
571,0.0,0.0,0.0,01/02/20,0.0,Gujarat
572,0.0,0.0,0.0,02/02/20,0.0,Gujarat
573,0.0,0.0,0.0,03/02/20,0.0,Gujarat
574,0.0,0.0,0.0,04/02/20,0.0,Gujarat
575,0.0,0.0,0.0,05/02/20,0.0,Gujarat
576,0.0,0.0,0.0,06/02/20,0.0,Gujarat
577,0.0,0.0,0.0,07/02/20,0.0,Gujarat
578,0.0,0.0,0.0,08/02/20,0.0,Gujarat
579,0.0,0.0,0.0,09/02/20,0.0,Gujarat
580,0.0,0.0,0.0,10/02/20,0.0,Gujarat
581,0.0,0.0,0.0,11/02/20,0.0,Gujarat
582,0.0,0.0,0.0,12/02/20,0.0,Gujarat
583,0.0,0.0,0.0,13/02/20,0.0,Gujarat
584,0.0,0.0,0.0,14/02/20,0.0,Gujarat
585,0.0,0.0,0.0,15/02/20,0.0,Gujarat
586,0.0,0.0,0.0,16/02/20,0.0,Gujarat
587,0.0,0.0,0.0,17/02/20,0.0,Gujarat
588,0.0,0.0,0.0,18/02/20,0.0,Gujarat
589,0.0,0.0,0.0,19/02/20,0.0,Gujarat
590,0.0,0.0,0.0,20/02/20,0.0,Gujarat
591,0.0,0.0,0.0,21/02/20,0.0,Gujarat
592,0.0,0.0,0.0,22/02/20,0.0,Gujarat
593,0.0,0.0,0.0,23/02/20,0.0,Gujarat
594,0.0,0.0,0.0,24/02/20,0.0,Gujarat
595,0.0,0.0,0.0,25/02/20,0.0,Gujarat
596,0.0,0.0,0.0,26/02/20,0.0,Gujarat
597,0.0,0.0,0.0,27/02/20,0.0,Gujarat
598,0.0,0.0,0.0,28/02/20,0.0,Gujarat
599,0.0,0.0,0.0,29/02/20,0.0,Gujarat
600,0.0,0.0,0.0,01/03/20,0.0,Gujarat
601,0.0,0.0,0.0,02/03/20,0.0,Gujarat
602,0.0,0.0,0.0,03/03/20,0.0,Gujarat
603,0.0,0.0,0.0,04/03/20,0.0,Gujarat
604,0.0,0.0,0.0,05/03/20,0.0,Gujarat
605,0.0,0.0,0.0,06/03/20,0.0,Gujarat
606,0.0,0.0,0.0,07/03/20,0.0,Gujarat
607,0.0,0.0,0.0,08/03/20,0.0,Gujarat
608,0.0,0.0,0.0,09/03/20,0.0,Gujarat
609,0.0,0.0,0.0,10/03/20,0.0,Gujarat
610,0.0,0.0,0.0,11/03/20,0.0,Gujarat
611,0.0,0.0,0.0,12/03/20,0.0,Gujarat
612,0.0,0.0,0.0,13/03/20,0.0,Gujarat
613,0.0,0.0,0.0,14/03/20,0.0,Gujarat
614,0.0,0.0,0.0,15/03/20,0.0,Gujarat
615,0.0,0.0,0.0,16/03/20,0.0,Gujarat
616,0.0,0.0,0.0,17/03/20,0.0,Gujarat
617,0.0,0.0,0.0,18/03/20,0.0,Gujarat
618,0.0,0.0,0.0,19/03/20,0.0,Gujarat
619,0.0,0.0,0.0,30/01/20,0.0,Haryana
620,0.0,0.0,0.0,31/01/20,0.0,Haryana
621,0.0,0.0,0.0,01/02/20,0.0,Haryana
622,0.0,0.0,0.0,02/02/20,0.0,Haryana
623,0.0,0.0,0.0,03/02/20,0.0,Haryana
624,0.0,0.0,0.0,04/02/20,0.0,Haryana
625,0.0,0.0,0.0,05/02/20,0.0,Haryana
626,0.0,0.0,0.0,06/02/20,0.0,Haryana
627,0.0,0.0,0.0,07/02/20,0.0,Haryana
628,0.0,0.0,0.0,08/02/20,0.0,Haryana
629,0.0,0.0,0.0,09/02/20,0.0,Haryana
630,0.0,0.0,0.0,10/02/20,0.0,Haryana
631,0.0,0.0,0.0,11/02/20,0.0,Haryana
632,0.0,0.0,0.0,12/02/20,0.0,Haryana
633,0.0,0.0,0.0,13/02/20,0.0,Haryana
634,0.0,0.0,0.0,14/02/20,0.0,Haryana
635,0.0,0.0,0.0,15/02/20,0.0,Haryana
636,0.0,0.0,0.0,16/02/20,0.0,Haryana
637,0.0,0.0,0.0,17/02/20,0.0,Haryana
638,0.0,0.0,0.0,18/02/20,0.0,Haryana
639,0.0,0.0,0.0,19/02/20,0.0,Haryana
640,0.0,0.0,0.0,20/02/20,0.0,Haryana
641,0.0,0.0,0.0,21/02/20,0.0,Haryana
642,0.0,0.0,0.0,22/02/20,0.0,Haryana
643,0.0,0.0,0.0,23/02/20,0.0,Haryana
644,0.0,0.0,0.0,24/02/20,0.0,Haryana
645,0.0,0.0,0.0,25/02/20,0.0,Haryana
646,0.0,0.0,0.0,26/02/20,0.0,Haryana
647,0.0,0.0,0.0,27/02/20,0.0,Haryana
648,0.0,0.0,0.0,28/02/20,0.0,Haryana
649,0.0,0.0,0.0,29/02/20,0.0,Haryana
650,0.0,0.0,0.0,01/03/20,0.0,Haryana
651,0.0,0.0,0.0,02/03/20,0.0,Haryana
652,0.0,0.0,0.0,03/03/20,0.0,Haryana
653,0.0,0.0,0.0,30/01/20,0.0,Himachal Pradesh
654,0.0,0.0,0.0,31/01/20,0.0,Himachal Pradesh
655,0.0,0.0,0.0,01/02/20,0.0,Himachal Pradesh
656,0.0,0.0,0.0,02/02/20,0.0,Himachal Pradesh
657,0.0,0.0,0.0,03/02/20,0.0,Himachal Pradesh
658,0.0,0.0,0.0,04/02/20,0.0,Himachal Pradesh
659,0.0,0.0,0.0,05/02/20,0.0,Himachal Pradesh
660,0.0,0.0,0.0,06/02/20,0.0,Himachal Pradesh
661,0.0,0.0,0.0,07/02/20,0.0,Himachal Pradesh
662,0.0,0.0,0.0,08/02/20,0.0,Himachal Pradesh
663,0.0,0.0,0.0,09/02/20,0.0,Himachal Pradesh
664,0.0,0.0,0.0,10/02/20,0.0,Himachal Pradesh
665,0.0,0.0,0.0,11/02/20,0.0,Himachal Pradesh
666,0.0,0.0,0.0,12/02/20,0.0,Himachal Pradesh
667,0.0,0.0,0.0,13/02/20,0.0,Himachal Pradesh
668,0.0,0.0,0.0,14/02/20,0.0,Himachal Pradesh
669,0.0,0.0,0.0,15/02/20,0.0,Himachal Pradesh
670,0.0,0.0,0.0,16/02/20,0.0,Himachal Pradesh
671,0.0,0.0,0.0,17/02/20,0.0,Himachal Pradesh
672,0.0,0.0,0.0,18/02/20,0.0,Himachal Pradesh
673,0.0,0.0,0.0,19/02/20,0.0,Himachal Pradesh
674,0.0,0.0,0.0,20/02/20,0.0,Himachal Pradesh
675,0.0,0.0,0.0,21/02/20,0.0,Himachal Pradesh
676,0.0,0.0,0.0,22/02/20,0.0,Himachal Pradesh
677,0.0,0.0,0.0,23/02/20,0.0,Himachal Pradesh
678,0.0,0.0,0.0,24/02/20,0.0,Himachal Pradesh
679,0.0,0.0,0.0,25/02/20,0.0,Himachal Pradesh
680,0.0,0.0,0.0,26/02/20,0.0,Himachal Pradesh
681,0.0,0.0,0.0,27/02/20,0.0,Himachal Pradesh
682,0.0,0.0,0.0,28/02/20,0.0,Himachal Pradesh
683,0.0,0.0,0.0,29/02/20,0.0,Himachal Pradesh
684,0.0,0.0,0.0,01/03/20,0.0,Himachal Pradesh
685,0.0,0.0,0.0,02/03/20,0.0,Himachal Pradesh
686,0.0,0.0,0.0,03/03/20,0.0,Himachal Pradesh
687,0.0,0.0,0.0,04/03/20,0.0,Himachal Pradesh
688,0.0,0.0,0.0,05/03/20,0.0,Himachal Pradesh
689,0.0,0.0,0.0,06/03/20,0.0,Himachal Pradesh
690,0.0,0.0,0.0,07/03/20,0.0,Himachal Pradesh
691,0.0,0.0,0.0,08/03/20,0.0,Himachal Pradesh
692,0.0,0.0,0.0,09/03/20,0.0,Himachal Pradesh
693,0.0,0.0,0.0,10/03/20,0.0,Himachal Pradesh
694,0.0,0.0,0.0,11/03/20,0.0,Himachal Pradesh
695,0.0,0.0,0.0,12/03/20,0.0,Himachal Pradesh
696,0.0,0.0,0.0,13/03/20,0.0,Himachal Pradesh
697,0.0,0.0,0.0,14/03/20,0.0,Himachal Pradesh
698,0.0,0.0,0.0,15/03/20,0.0,Himachal Pradesh
699,0.0,0.0,0.0,16/03/20,0.0,Himachal Pradesh
700,0.0,0.0,0.0,17/03/20,0.0,Himachal Pradesh
701,0.0,0.0,0.0,18/03/20,0.0,Himachal Pradesh
702,0.0,0.0,0.0,19/03/20,0.0,Himachal Pradesh
703,0.0,0.0,0.0,20/03/20,0.0,Himachal Pradesh
704,0.0,0.0,0.0,30/01/20,0.0,Jammu and Kashmir
705,0.0,0.0,0.0,31/01/20,0.0,Jammu and Kashmir
706,0.0,0.0,0.0,01/02/20,0.0,Jammu and Kashmir
707,0.0,0.0,0.0,02/02/20,0.0,Jammu and Kashmir
708,0.0,0.0,0.0,03/02/20,0.0,Jammu and Kashmir
709,0.0,0.0,0.0,04/02/20,0.0,Jammu and Kashmir
710,0.0,0.0,0.0,05/02/20,0.0,Jammu and Kashmir
711,0.0,0.0,0.0,06/02/20,0.0,Jammu and Kashmir
712,0.0,0.0,0.0,07/02/20,0.0,Jammu and Kashmir
713,0.0,0.0,0.0,08/02/20,0.0,Jammu and Kashmir
714,0.0,0.0,0.0,09/02/20,0.0,Jammu and Kashmir
715,0.0,0.0,0.0,10/02/20,0.0,Jammu and Kashmir
716,0.0,0.0,0.0,11/02/20,0.0,Jammu and Kashmir
717,0.0,0.0,0.0,12/02/20,0.0,Jammu and Kashmir
718,0.0,0.0,0.0,13/02/20,0.0,Jammu and Kashmir
719,0.0,0.0,0.0,14/02/20,0.0,Jammu and Kashmir
720,0.0,0.0,0.0,15/02/20,0.0,Jammu and Kashmir
721,0.0,0.0,0.0,16/02/20,0.0,Jammu and Kashmir
722,0.0,0.0,0.0,17/02/20,0.0,Jammu and Kashmir
723,0.0,0.0,0.0,18/02/20,0.0,Jammu and Kashmir
724,0.0,0.0,0.0,19/02/20,0.0,Jammu and Kashmir
725,0.0,0.0,0.0,20/02/20,0.0,Jammu and Kashmir
726,0.0,0.0,0.0,21/02/20,0.0,Jammu and Kashmir
727,0.0,0.0,0.0,22/02/20,0.0,Jammu and Kashmir
728,0.0,0.0,0.0,23/02/20,0.0,Jammu and Kashmir
729,0.0,0.0,0.0,24/02/20,0.0,Jammu and Kashmir
730,0.0,0.0,0.0,25/02/20,0.0,Jammu and Kashmir
731,0.0,0.0,0.0,26/02/20,0.0,Jammu and Kashmir
732,0.0,0.0,0.0,27/02/20,0.0,Jammu and Kashmir
733,0.0,0.0,0.0,28/02/20,0.0,Jammu and Kashmir
734,0.0,0.0,0.0,29/02/20,0.0,Jammu and Kashmir
735,0.0,0.0,0.0,01/03/20,0.0,Jammu and Kashmir
736,0.0,0.0,0.0,02/03/20,0.0,Jammu and Kashmir
737,0.0,0.0,0.0,03/03/20,0.0,Jammu and Kashmir
738,0.0,0.0,0.0,04/03/20,0.0,Jammu and Kashmir
739,0.0,0.0,0.0,05/03/20,0.0,Jammu and Kashmir
740,0.0,0.0,0.0,06/03/20,0.0,Jammu and Kashmir
741,0.0,0.0,0.0,07/03/20,0.0,Jammu and Kashmir
742,0.0,0.0,0.0,08/03/20,0.0,Jammu and Kashmir
743,0.0,0.0,0.0,09/03/20,0.0,Jammu and Kashmir
744,0.0,0.0,0.0,10/03/20,0.0,Jammu and Kashmir
745,0.0,0.0,0.0,11/03/20,0.0,Jammu and Kashmir
746,0.0,0.0,0.0,12/03/20,0.0,Jammu and Kashmir
747,0.0,0.0,0.0,13/03/20,0.0,Jammu and Kashmir
748,0.0,0.0,0.0,14/03/20,0.0,Jammu and Kashmir
749,0.0,0.0,0.0,15/03/20,0.0,Jammu and Kashmir
750,0.0,0.0,0.0,16/03/20,0.0,Jammu and Kashmir
751,0.0,0.0,0.0,17/03/20,0.0,Jammu and Kashmir
752,0.0,0.0,0.0,18/03/20,0.0,Jammu and Kashmir
753,0.0,0.0,0.0,19/03/20,0.0,Jammu and Kashmir
754,0.0,0.0,0.0,20/03/20,0.0,Jammu and Kashmir
755,0.0,0.0,0.0,30/01/20,0.0,Karnataka
756,0.0,0.0,0.0,31/01/20,0.0,Karnataka
757,0.0,0.0,0.0,01/02/20,0.0,Karnataka
758,0.0,0.0,0.0,02/02/20,0.0,Karnataka
759,0.0,0.0,0.0,03/02/20,0.0,Karnataka
760,0.0,0.0,0.0,04/02/20,0.0,Karnataka
761,0.0,0.0,0.0,05/02/20,0.0,Karnataka
762,0.0,0.0,0.0,06/02/20,0.0,Karnataka
763,0.0,0.0,0.0,07/02/20,0.0,Karnataka
764,0.0,0.0,0.0,08/02/20,0.0,Karnataka
765,0.0,0.0,0.0,09/02/20,0.0,Karnataka
766,0.0,0.0,0.0,10/02/20,0.0,Karnataka
767,0.0,0.0,0.0,11/02/20,0.0,Karnataka
768,0.0,0.0,0.0,12/02/20,0.0,Karnataka
769,0.0,0.0,0.0,13/02/20,0.0,Karnataka
770,0.0,0.0,0.0,14/02/20,0.0,Karnataka
771,0.0,0.0,0.0,15/02/20,0.0,Karnataka
772,0.0,0.0,0.0,16/02/20,0.0,Karnataka
773,0.0,0.0,0.0,17/02/20,0.0,Karnataka
774,0.0,0.0,0.0,18/02/20,0.0,Karnataka
775,0.0,0.0,0.0,19/02/20,0.0,Karnataka
776,0.0,0.0,0.0,20/02/20,0.0,Karnataka
777,0.0,0.0,0.0,21/02/20,0.0,Karnataka
778,0.0,0.0,0.0,22/02/20,0.0,Karnataka
779,0.0,0.0,0.0,23/02/20,0.0,Karnataka
780,0.0,0.0,0.0,24/02/20,0.0,Karnataka
781,0.0,0.0,0.0,25/02/20,0.0,Karnataka
782,0.0,0.0,0.0,26/02/20,0.0,Karnataka
783,0.0,0.0,0.0,27/02/20,0.0,Karnataka
784,0.0,0.0,0.0,28/02/20,0.0,Karnataka
785,0.0,0.0,0.0,29/02/20,0.0,Karnataka
786,0.0,0.0,0.0,01/03/20,0.0,Karnataka
787,0.0,0.0,0.0,02/03/20,0.0,Karnataka
788,0.0,0.0,0.0,03/03/20,0.0,Karnataka
789,0.0,0.0,0.0,04/03/20,0.0,Karnataka
790,0.0,0.0,0.0,05/03/20,0.0,Karnataka
791,0.0,0.0,0.0,06/03/20,0.0,Karnataka
792,0.0,0.0,0.0,07/03/20,0.0,Karnataka
793,0.0,0.0,0.0,08/03/20,0.0,Karnataka
794,0.0,0.0,0.0,30/01/20,0.0,Ladakh
795,0.0,0.0,0.0,31/01/20,0.0,Ladakh
796,0.0,0.0,0.0,01/02/20,0.0,Ladakh
797,0.0,0.0,0.0,02/02/20,0.0,Ladakh
798,0.0,0.0,0.0,03/02/20,0.0,Ladakh
799,0.0,0.0,0.0,04/02/20,0.0,Ladakh
800,0.0,0.0,0.0,05/02/20,0.0,Ladakh
801,0.0,0.0,0.0,06/02/20,0.0,Ladakh
802,0.0,0.0,0.0,07/02/20,0.0,Ladakh
803,0.0,0.0,0.0,08/02/20,0.0,Ladakh
804,0.0,0.0,0.0,09/02/20,0.0,Ladakh
805,0.0,0.0,0.0,10/02/20,0.0,Ladakh
806,0.0,0.0,0.0,11/02/20,0.0,Ladakh
807,0.0,0.0,0.0,12/02/20,0.0,Ladakh
808,0.0,0.0,0.0,13/02/20,0.0,Ladakh
809,0.0,0.0,0.0,14/02/20,0.0,Ladakh
810,0.0,0.0,0.0,15/02/20,0.0,Ladakh
811,0.0,0.0,0.0,16/02/20,0.0,Ladakh
812,0.0,0.0,0.0,17/02/20,0.0,Ladakh
813,0.0,0.0,0.0,18/02/20,0.0,Ladakh
814,0.0,0.0,0.0,19/02/20,0.0,Ladakh
815,0.0,0.0,0.0,20/02/20,0.0,Ladakh
816,0.0,0.0,0.0,21/02/20,0.0,Ladakh
817,0.0,0.0,0.0,22/02/20,0.0,Ladakh
818,0.0,0.0,0.0,23/02/20,0.0,Ladakh
819,0.0,0.0,0.0,24/02/20,0.0,Ladakh
820,0.0,0.0,0.0,25/02/20,0.0,Ladakh
821,0.0,0.0,0.0,26/02/20,0.0,Ladakh
822,0.0,0.0,0.0,27/02/20,0.0,Ladakh
823,0.0,0.0,0.0,28/02/20,0.0,Ladakh
824,0.0,0.0,0.0,29/02/20,0.0,Ladakh
825,0.0,0.0,0.0,01/03/20,0.0,Ladakh
826,0.0,0.0,0.0,02/03/20,0.0,Ladakh
827,0.0,0.0,0.0,03/03/20,0.0,Ladakh
828,0.0,0.0,0.0,04/03/20,0.0,Ladakh
829,0.0,0.0,0.0,05/03/20,0.0,Ladakh
830,0.0,0.0,0.0,06/03/20,0.0,Ladakh
831,0.0,0.0,0.0,07/03/20,0.0,Ladakh
832,0.0,0.0,0.0,08/03/20,0.0,Ladakh
833,0.0,0.0,0.0,09/03/20,0.0,Ladakh
834,0.0,0.0,0.0,10/03/20,0.0,Ladakh
835,0.0,0.0,0.0,11/03/20,0.0,Ladakh
836,0.0,0.0,0.0,12/03/20,0.0,Ladakh
837,0.0,0.0,0.0,13/03/20,0.0,Ladakh
838,0.0,0.0,0.0,14/03/20,0.0,Ladakh
839,0.0,0.0,0.0,15/03/20,0.0,Ladakh
840,0.0,0.0,0.0,16/03/20,0.0,Ladakh
841,0.0,0.0,0.0,17/03/20,0.0,Ladakh
842,0.0,0.0,0.0,18/03/20,0.0,Ladakh
843,0.0,0.0,0.0,19/03/20,0.0,Ladakh
844,0.0,0.0,0.0,20/03/20,0.0,Ladakh
845,0.0,0.0,0.0,30/01/20,0.0,Madhya Pradesh
846,0.0,0.0,0.0,31/01/20,0.0,Madhya Pradesh
847,0.0,0.0,0.0,01/02/20,0.0,Madhya Pradesh
848,0.0,0.0,0.0,02/02/20,0.0,Madhya Pradesh
849,0.0,0.0,0.0,03/02/20,0.0,Madhya Pradesh
850,0.0,0.0,0.0,04/02/20,0.0,Madhya Pradesh
851,0.0,0.0,0.0,05/02/20,0.0,Madhya Pradesh
852,0.0,0.0,0.0,06/02/20,0.0,Madhya Pradesh
853,0.0,0.0,0.0,07/02/20,0.0,Madhya Pradesh
854,0.0,0.0,0.0,08/02/20,0.0,Madhya Pradesh
855,0.0,0.0,0.0,09/02/20,0.0,Madhya Pradesh
856,0.0,0.0,0.0,10/02/20,0.0,Madhya Pradesh
857,0.0,0.0,0.0,11/02/20,0.0,Madhya Pradesh
858,0.0,0.0,0.0,12/02/20,0.0,Madhya Pradesh
859,0.0,0.0,0.0,13/02/20,0.0,Madhya Pradesh
860,0.0,0.0,0.0,14/02/20,0.0,Madhya Pradesh
861,0.0,0.0,0.0,15/02/20,0.0,Madhya Pradesh
862,0.0,0.0,0.0,16/02/20,0.0,Madhya Pradesh
863,0.0,0.0,0.0,17/02/20,0.0,Madhya Pradesh
864,0.0,0.0,0.0,18/02/20,0.0,Madhya Pradesh
865,0.0,0.0,0.0,19/02/20,0.0,Madhya Pradesh
866,0.0,0.0,0.0,20/02/20,0.0,Madhya Pradesh
867,0.0,0.0,0.0,21/02/20,0.0,Madhya Pradesh
868,0.0,0.0,0.0,22/02/20,0.0,Madhya Pradesh
869,0.0,0.0,0.0,23/02/20,0.0,Madhya Pradesh
870,0.0,0.0,0.0,24/02/20,0.0,Madhya Pradesh
871,0.0,0.0,0.0,25/02/20,0.0,Madhya Pradesh
872,0.0,0.0,0.0,26/02/20,0.0,Madhya Pradesh
873,0.0,0.0,0.0,27/02/20,0.0,Madhya Pradesh
874,0.0,0.0,0.0,28/02/20,0.0,Madhya Pradesh
875,0.0,0.0,0.0,29/02/20,0.0,Madhya Pradesh
876,0.0,0.0,0.0,01/03/20,0.0,Madhya Pradesh
877,0.0,0.0,0.0,02/03/20,0.0,Madhya Pradesh
878,0.0,0.0,0.0,03/03/20,0.0,Madhya Pradesh
879,0.0,0.0,0.0,04/03/20,0.0,Madhya Pradesh
880,0.0,0.0,0.0,05/03/20,0.0,Madhya Pradesh
881,0.0,0.0,0.0,06/03/20,0.0,Madhya Pradesh
882,0.0,0.0,0.0,07/03/20,0.0,Madhya Pradesh
883,0.0,0.0,0.0,08/03/20,0.0,Madhya Pradesh
884,0.0,0.0,0.0,09/03/20,0.0,Madhya Pradesh
885,0.0,0.0,0.0,10/03/20,0.0,Madhya Pradesh
886,0.0,0.0,0.0,11/03/20,0.0,Madhya Pradesh
887,0.0,0.0,0.0,12/03/20,0.0,Madhya Pradesh
888,0.0,0.0,0.0,13/03/20,0.0,Madhya Pradesh
889,0.0,0.0,0.0,14/03/20,0.0,Madhya Pradesh
890,0.0,0.0,0.0,15/03/20,0.0,Madhya Pradesh
891,0.0,0.0,0.0,16/03/20,0.0,Madhya Pradesh
892,0.0,0.0,0.0,17/03/20,0.0,Madhya Pradesh
893,0.0,0.0,0.0,18/03/20,0.0,Madhya Pradesh
894,0.0,0.0,0.0,19/03/20,0.0,Madhya Pradesh
895,0.0,0.0,0.0,20/03/20,0.0,Madhya Pradesh
896,0.0,0.0,0.0,30/01/20,0.0,Maharashtra
897,0.0,0.0,0.0,31/01/20,0.0,Maharashtra
898,0.0,0.0,0.0,01/02/20,0.0,Maharashtra
899,0.0,0.0,0.0,02/02/20,0.0,Maharashtra
900,0.0,0.0,0.0,03/02/20,0.0,Maharashtra
901,0.0,0.0,0.0,04/02/20,0.0,Maharashtra
902,0.0,0.0,0.0,05/02/20,0.0,Maharashtra
903,0.0,0.0,0.0,06/02/20,0.0,Maharashtra
904,0.0,0.0,0.0,07/02/20,0.0,Maharashtra
905,0.0,0.0,0.0,08/02/20,0.0,Maharashtra
906,0.0,0.0,0.0,09/02/20,0.0,Maharashtra
907,0.0,0.0,0.0,10/02/20,0.0,Maharashtra
908,0.0,0.0,0.0,11/02/20,0.0,Maharashtra
909,0.0,0.0,0.0,12/02/20,0.0,Maharashtra
910,0.0,0.0,0.0,13/02/20,0.0,Maharashtra
911,0.0,0.0,0.0,14/02/20,0.0,Maharashtra
912,0.0,0.0,0.0,15/02/20,0.0,Maharashtra
913,0.0,0.0,0.0,16/02/20,0.0,Maharashtra
914,0.0,0.0,0.0,17/02/20,0.0,Maharashtra
915,0.0,0.0,0.0,18/02/20,0.0,Maharashtra
916,0.0,0.0,0.0,19/02/20,0.0,Maharashtra
917,0.0,0.0,0.0,20/02/20,0.0,Maharashtra
918,0.0,0.0,0.0,21/02/20,0.0,Maharashtra
919,0.0,0.0,0.0,22/02/20,0.0,Maharashtra
920,0.0,0.0,0.0,23/02/20,0.0,Maharashtra
921,0.0,0.0,0.0,24/02/20,0.0,Maharashtra
922,0.0,0.0,0.0,25/02/20,0.0,Maharashtra
923,0.0,0.0,0.0,26/02/20,0.0,Maharashtra
924,0.0,0.0,0.0,27/02/20,0.0,Maharashtra
925,0.0,0.0,0.0,28/02/20,0.0,Maharashtra
926,0.0,0.0,0.0,29/02/20,0.0,Maharashtra
927,0.0,0.0,0.0,01/03/20,0.0,Maharashtra
928,0.0,0.0,0.0,02/03/20,0.0,Maharashtra
929,0.0,0.0,0.0,03/03/20,0.0,Maharashtra
930,0.0,0.0,0.0,04/03/20,0.0,Maharashtra
931,0.0,0.0,0.0,05/03/20,0.0,Maharashtra
932,0.0,0.0,0.0,06/03/20,0.0,Maharashtra
933,0.0,0.0,0.0,07/03/20,0.0,Maharashtra
934,0.0,0.0,0.0,08/03/20,0.0,Maharashtra
935,0.0,0.0,0.0,30/01/20,0.0,Odisha
936,0.0,0.0,0.0,31/01/20,0.0,Odisha
937,0.0,0.0,0.0,01/02/20,0.0,Odisha
938,0.0,0.0,0.0,02/02/20,0.0,Odisha
939,0.0,0.0,0.0,03/02/20,0.0,Odisha
940,0.0,0.0,0.0,04/02/20,0.0,Odisha
941,0.0,0.0,0.0,05/02/20,0.0,Odisha
942,0.0,0.0,0.0,06/02/20,0.0,Odisha
943,0.0,0.0,0.0,07/02/20,0.0,Odisha
944,0.0,0.0,0.0,08/02/20,0.0,Odisha
945,0.0,0.0,0.0,09/02/20,0.0,Odisha
946,0.0,0.0,0.0,10/02/20,0.0,Odisha
947,0.0,0.0,0.0,11/02/20,0.0,Odisha
948,0.0,0.0,0.0,12/02/20,0.0,Odisha
949,0.0,0.0,0.0,13/02/20,0.0,Odisha
950,0.0,0.0,0.0,14/02/20,0.0,Odisha
951,0.0,0.0,0.0,15/02/20,0.0,Odisha
952,0.0,0.0,0.0,16/02/20,0.0,Odisha
953,0.0,0.0,0.0,17/02/20,0.0,Odisha
954,0.0,0.0,0.0,18/02/20,0.0,Odisha
955,0.0,0.0,0.0,19/02/20,0.0,Odisha
956,0.0,0.0,0.0,20/02/20,0.0,Odisha
957,0.0,0.0,0.0,21/02/20,0.0,Odisha
958,0.0,0.0,0.0,22/02/20,0.0,Odisha
959,0.0,0.0,0.0,23/02/20,0.0,Odisha
960,0.0,0.0,0.0,24/02/20,0.0,Odisha
961,0.0,0.0,0.0,25/02/20,0.0,Odisha
962,0.0,0.0,0.0,26/02/20,0.0,Odisha
963,0.0,0.0,0.0,27/02/20,0.0,Odisha
964,0.0,0.0,0.0,28/02/20,0.0,Odisha
965,0.0,0.0,0.0,29/02/20,0.0,Odisha
966,0.0,0.0,0.0,01/03/20,0.0,Odisha
967,0.0,0.0,0.0,02/03/20,0.0,Odisha
968,0.0,0.0,0.0,03/03/20,0.0,Odisha
969,0.0,0.0,0.0,04/03/20,0.0,Odisha
970,0.0,0.0,0.0,05/03/20,0.0,Odisha
971,0.0,0.0,0.0,06/03/20,0.0,Odisha
972,0.0,0.0,0.0,07/03/20,0.0,Odisha
973,0.0,0.0,0.0,08/03/20,0.0,Odisha
974,0.0,0.0,0.0,09/03/20,0.0,Odisha
975,0.0,0.0,0.0,10/03/20,0.0,Odisha
976,0.0,0.0,0.0,11/03/20,0.0,Odisha
977,0.0,0.0,0.0,12/03/20,0.0,Odisha
978,0.0,0.0,0.0,13/03/20,0.0,Odisha
979,0.0,0.0,0.0,14/03/20,0.0,Odisha
980,0.0,0.0,0.0,15/03/20,0.0,Odisha
981,0.0,0.0,0.0,30/01/20,0.0,Pondicherry
982,0.0,0.0,0.0,31/01/20,0.0,Pondicherry
983,0.0,0.0,0.0,01/02/20,0.0,Pondicherry
984,0.0,0.0,0.0,02/02/20,0.0,Pondicherry
985,0.0,0.0,0.0,03/02/20,0.0,Pondicherry
986,0.0,0.0,0.0,04/02/20,0.0,Pondicherry
987,0.0,0.0,0.0,05/02/20,0.0,Pondicherry
988,0.0,0.0,0.0,06/02/20,0.0,Pondicherry
989,0.0,0.0,0.0,07/02/20,0.0,Pondicherry
990,0.0,0.0,0.0,08/02/20,0.0,Pondicherry
991,0.0,0.0,0.0,09/02/20,0.0,Pondicherry
992,0.0,0.0,0.0,10/02/20,0.0,Pondicherry
993,0.0,0.0,0.0,11/02/20,0.0,Pondicherry
994,0.0,0.0,0.0,12/02/20,0.0,Pondicherry
995,0.0,0.0,0.0,13/02/20,0.0,Pondicherry
996,0.0,0.0,0.0,14/02/20,0.0,Pondicherry
997,0.0,0.0,0.0,15/02/20,0.0,Pondicherry
998,0.0,0.0,0.0,16/02/20,0.0,Pondicherry
999,0.0,0.0,0.0,17/02/20,0.0,Pondicherry
1000,0.0,0.0,0.0,18/02/20,0.0,Pondicherry
1001,0.0,0.0,0.0,19/02/20,0.0,Pondicherry
1002,0.0,0.0,0.0,20/02/20,0.0,Pondicherry
1003,0.0,0.0,0.0,21/02/20,0.0,Pondicherry
1004,0.0,0.0,0.0,22/02/20,0.0,Pondicherry
1005,0.0,0.0,0.0,23/02/20,0.0,Pondicherry
1006,0.0,0.0,0.0,24/02/20,0.0,Pondicherry
1007,0.0,0.0,0.0,25/02/20,0.0,Pondicherry
1008,0.0,0.0,0.0,26/02/20,0.0,Pondicherry
1009,0.0,0.0,0.0,27/02/20,0.0,Pondicherry
1010,0.0,0.0,0.0,28/02/20,0.0,Pondicherry
1011,0.0,0.0,0.0,29/02/20,0.0,Pondicherry
1012,0.0,0.0,0.0,01/03/20,0.0,Pondicherry
1013,0.0,0.0,0.0,02/03/20,0.0,Pondicherry
1014,0.0,0.0,0.0,03/03/20,0.0,Pondicherry
1015,0.0,0.0,0.0,04/03/20,0.0,Pondicherry
1016,0.0,0.0,0.0,05/03/20,0.0,Pondicherry
1017,0.0,0.0,0.0,06/03/20,0.0,Pondicherry
1018,0.0,0.0,0.0,07/03/20,0.0,Pondicherry
1019,0.0,0.0,0.0,08/03/20,0.0,Pondicherry
1020,0.0,0.0,0.0,09/03/20,0.0,Pondicherry
1021,0.0,0.0,0.0,10/03/20,0.0,Pondicherry
1022,0.0,0.0,0.0,11/03/20,0.0,Pondicherry
1023,0.0,0.0,0.0,12/03/20,0.0,Pondicherry
1024,0.0,0.0,0.0,13/03/20,0.0,Pondicherry
1025,0.0,0.0,0.0,14/03/20,0.0,Pondicherry
1026,0.0,0.0,0.0,15/03/20,0.0,Pondicherry
1027,0.0,0.0,0.0,16/03/20,0.0,Pondicherry
1028,0.0,0.0,0.0,17/03/20,0.0,Pondicherry
1029,0.0,0.0,0.0,30/01/20,0.0,Puducherry
1030,0.0,0.0,0.0,31/01/20,0.0,Puducherry
1031,0.0,0.0,0.0,01/02/20,0.0,Puducherry
1032,0.0,0.0,0.0,02/02/20,0.0,Puducherry
1033,0.0,0.0,0.0,03/02/20,0.0,Puducherry
1034,0.0,0.0,0.0,04/02/20,0.0,Puducherry
1035,0.0,0.0,0.0,05/02/20,0.0,Puducherry
1036,0.0,0.0,0.0,06/02/20,0.0,Puducherry
1037,0.0,0.0,0.0,07/02/20,0.0,Puducherry
1038,0.0,0.0,0.0,08/02/20,0.0,Puducherry
1039,0.0,0.0,0.0,09/02/20,0.0,Puducherry
1040,0.0,0.0,0.0,10/02/20,0.0,Puducherry
1041,0.0,0.0,0.0,11/02/20,0.0,Puducherry
1042,0.0,0.0,0.0,12/02/20,0.0,Puducherry
1043,0.0,0.0,0.0,13/02/20,0.0,Puducherry
1044,0.0,0.0,0.0,14/02/20,0.0,Puducherry
1045,0.0,0.0,0.0,15/02/20,0.0,Puducherry
1046,0.0,0.0,0.0,16/02/20,0.0,Puducherry
1047,0.0,0.0,0.0,17/02/20,0.0,Puducherry
1048,0.0,0.0,0.0,18/02/20,0.0,Puducherry
1049,0.0,0.0,0.0,19/02/20,0.0,Puducherry
1050,0.0,0.0,0.0,20/02/20,0.0,Puducherry
1051,0.0,0.0,0.0,21/02/20,0.0,Puducherry
1052,0.0,0.0,0.0,22/02/20,0.0,Puducherry
1053,0.0,0.0,0.0,23/02/20,0.0,Puducherry
1054,0.0,0.0,0.0,24/02/20,0.0,Puducherry
1055,0.0,0.0,0.0,25/02/20,0.0,Puducherry
1056,0.0,0.0,0.0,26/02/20,0.0,Puducherry
1057,0.0,0.0,0.0,27/02/20,0.0,Puducherry
1058,0.0,0.0,0.0,28/02/20,0.0,Puducherry
1059,0.0,0.0,0.0,29/02/20,0.0,Puducherry
1060,0.0,0.0,0.0,01/03/20,0.0,Puducherry
1061,0.0,0.0,0.0,02/03/20,0.0,Puducherry
1062,0.0,0.0,0.0,03/03/20,0.0,Puducherry
1063,0.0,0.0,0.0,04/03/20,0.0,Puducherry
1064,0.0,0.0,0.0,05/03/20,0.0,Puducherry
1065,0.0,0.0,0.0,06/03/20,0.0,Puducherry
1066,0.0,0.0,0.0,07/03/20,0.0,Puducherry
1067,0.0,0.0,0.0,08/03/20,0.0,Puducherry
1068,0.0,0.0,0.0,09/03/20,0.0,Puducherry
1069,0.0,0.0,0.0,10/03/20,0.0,Puducherry
1070,0.0,0.0,0.0,11/03/20,0.0,Puducherry
1071,0.0,0.0,0.0,12/03/20,0.0,Puducherry
1072,0.0,0.0,0.0,13/03/20,0.0,Puducherry
1073,0.0,0.0,0.0,14/03/20,0.0,Puducherry
1074,0.0,0.0,0.0,15/03/20,0.0,Puducherry
1075,0.0,0.0,0.0,16/03/20,0.0,Puducherry
1076,0.0,0.0,0.0,17/03/20,0.0,Puducherry
1077,0.0,0.0,0.0,18/03/20,0.0,Puducherry
1078,0.0,0.0,0.0,19/03/20,0.0,Puducherry
1079,0.0,0.0,0.0,30/01/20,0.0,Punjab
1080,0.0,0.0,0.0,31/01/20,0.0,Punjab
1081,0.0,0.0,0.0,01/02/20,0.0,Punjab
1082,0.0,0.0,0.0,02/02/20,0.0,Punjab
1083,0.0,0.0,0.0,03/02/20,0.0,Punjab
1084,0.0,0.0,0.0,04/02/20,0.0,Punjab
1085,0.0,0.0,0.0,05/02/20,0.0,Punjab
1086,0.0,0.0,0.0,06/02/20,0.0,Punjab
1087,0.0,0.0,0.0,07/02/20,0.0,Punjab
1088,0.0,0.0,0.0,08/02/20,0.0,Punjab
1089,0.0,0.0,0.0,09/02/20,0.0,Punjab
1090,0.0,0.0,0.0,10/02/20,0.0,Punjab
1091,0.0,0.0,0.0,11/02/20,0.0,Punjab
1092,0.0,0.0,0.0,12/02/20,0.0,Punjab
1093,0.0,0.0,0.0,13/02/20,0.0,Punjab
1094,0.0,0.0,0.0,14/02/20,0.0,Punjab
1095,0.0,0.0,0.0,15/02/20,0.0,Punjab
1096,0.0,0.0,0.0,16/02/20,0.0,Punjab
1097,0.0,0.0,0.0,17/02/20,0.0,Punjab
1098,0.0,0.0,0.0,18/02/20,0.0,Punjab
1099,0.0,0.0,0.0,19/02/20,0.0,Punjab
1100,0.0,0.0,0.0,20/02/20,0.0,Punjab
1101,0.0,0.0,0.0,21/02/20,0.0,Punjab
1102,0.0,0.0,0.0,22/02/20,0.0,Punjab
1103,0.0,0.0,0.0,23/02/20,0.0,Punjab
1104,0.0,0.0,0.0,24/02/20,0.0,Punjab
1105,0.0,0.0,0.0,25/02/20,0.0,Punjab
1106,0.0,0.0,0.0,26/02/20,0.0,Punjab
1107,0.0,0.0,0.0,27/02/20,0.0,Punjab
1108,0.0,0.0,0.0,28/02/20,0.0,Punjab
1109,0.0,0.0,0.0,29/02/20,0.0,Punjab
1110,0.0,0.0,0.0,01/03/20,0.0,Punjab
1111,0.0,0.0,0.0,02/03/20,0.0,Punjab
1112,0.0,0.0,0.0,03/03/20,0.0,Punjab
1113,0.0,0.0,0.0,04/03/20,0.0,Punjab
1114,0.0,0.0,0.0,05/03/20,0.0,Punjab
1115,0.0,0.0,0.0,06/03/20,0.0,Punjab
1116,0.0,0.0,0.0,07/03/20,0.0,Punjab
1117,0.0,0.0,0.0,08/03/20,0.0,Punjab
1118,0.0,0.0,0.0,30/01/20,0.0,Rajasthan
1119,0.0,0.0,0.0,31/01/20,0.0,Rajasthan
1120,0.0,0.0,0.0,01/02/20,0.0,Rajasthan
1121,0.0,0.0,0.0,02/02/20,0.0,Rajasthan
1122,0.0,0.0,0.0,03/02/20,0.0,Rajasthan
1123,0.0,0.0,0.0,04/02/20,0.0,Rajasthan
1124,0.0,0.0,0.0,05/02/20,0.0,Rajasthan
1125,0.0,0.0,0.0,06/02/20,0.0,Rajasthan
1126,0.0,0.0,0.0,07/02/20,0.0,Rajasthan
1127,0.0,0.0,0.0,08/02/20,0.0,Rajasthan
1128,0.0,0.0,0.0,09/02/20,0.0,Rajasthan
1129,0.0,0.0,0.0,10/02/20,0.0,Rajasthan
1130,0.0,0.0,0.0,11/02/20,0.0,Rajasthan
1131,0.0,0.0,0.0,12/02/20,0.0,Rajasthan
1132,0.0,0.0,0.0,13/02/20,0.0,Rajasthan
1133,0.0,0.0,0.0,14/02/20,0.0,Rajasthan
1134,0.0,0.0,0.0,15/02/20,0.0,Rajasthan
1135,0.0,0.0,0.0,16/02/20,0.0,Rajasthan
1136,0.0,0.0,0.0,17/02/20,0.0,Rajasthan
1137,0.0,0.0,0.0,18/02/20,0.0,Rajasthan
1138,0.0,0.0,0.0,19/02/20,0.0,Rajasthan
1139,0.0,0.0,0.0,20/02/20,0.0,Rajasthan
1140,0.0,0.0,0.0,21/02/20,0.0,Rajasthan
1141,0.0,0.0,0.0,22/02/20,0.0,Rajasthan
1142,0.0,0.0,0.0,23/02/20,0.0,Rajasthan
1143,0.0,0.0,0.0,24/02/20,0.0,Rajasthan
1144,0.0,0.0,0.0,25/02/20,0.0,Rajasthan
1145,0.0,0.0,0.0,26/02/20,0.0,Rajasthan
1146,0.0,0.0,0.0,27/02/20,0.0,Rajasthan
1147,0.0,0.0,0.0,28/02/20,0.0,Rajasthan
1148,0.0,0.0,0.0,29/02/20,0.0,Rajasthan
1149,0.0,0.0,0.0,01/03/20,0.0,Rajasthan
1150,0.0,0.0,0.0,02/03/20,0.0,Rajasthan
1151,0.0,0.0,0.0,30/01/20,0.0,Tamil Nadu
1152,0.0,0.0,0.0,31/01/20,0.0,Tamil Nadu
1153,0.0,0.0,0.0,01/02/20,0.0,Tamil Nadu
1154,0.0,0.0,0.0,02/02/20,0.0,Tamil Nadu
1155,0.0,0.0,0.0,03/02/20,0.0,Tamil Nadu
1156,0.0,0.0,0.0,04/02/20,0.0,Tamil Nadu
1157,0.0,0.0,0.0,05/02/20,0.0,Tamil Nadu
1158,0.0,0.0,0.0,06/02/20,0.0,Tamil Nadu
1159,0.0,0.0,0.0,07/02/20,0.0,Tamil Nadu
1160,0.0,0.0,0.0,08/02/20,0.0,Tamil Nadu
1161,0.0,0.0,0.0,09/02/20,0.0,Tamil Nadu
1162,0.0,0.0,0.0,10/02/20,0.0,Tamil Nadu
1163,0.0,0.0,0.0,11/02/20,0.0,Tamil Nadu
1164,0.0,0.0,0.0,12/02/20,0.0,Tamil Nadu
1165,0.0,0.0,0.0,13/02/20,0.0,Tamil Nadu
1166,0.0,0.0,0.0,14/02/20,0.0,Tamil Nadu
1167,0.0,0.0,0.0,15/02/20,0.0,Tamil Nadu
1168,0.0,0.0,0.0,16/02/20,0.0,Tamil Nadu
1169,0.0,0.0,0.0,17/02/20,0.0,Tamil Nadu
1170,0.0,0.0,0.0,18/02/20,0.0,Tamil Nadu
1171,0.0,0.0,0.0,19/02/20,0.0,Tamil Nadu
1172,0.0,0.0,0.0,20/02/20,0.0,Tamil Nadu
1173,0.0,0.0,0.0,21/02/20,0.0,Tamil Nadu
1174,0.0,0.0,0.0,22/02/20,0.0,Tamil Nadu
1175,0.0,0.0,0.0,23/02/20,0.0,Tamil Nadu
1176,0.0,0.0,0.0,24/02/20,0.0,Tamil Nadu
1177,0.0,0.0,0.0,25/02/20,0.0,Tamil Nadu
1178,0.0,0.0,0.0,26/02/20,0.0,Tamil Nadu
1179,0.0,0.0,0.0,27/02/20,0.0,Tamil Nadu
1180,0.0,0.0,0.0,28/02/20,0.0,Tamil Nadu
1181,0.0,0.0,0.0,29/02/20,0.0,Tamil Nadu
1182,0.0,0.0,0.0,01/03/20,0.0,Tamil Nadu
1183,0.0,0.0,0.0,02/03/20,0.0,Tamil Nadu
1184,0.0,0.0,0.0,03/03/20,0.0,Tamil Nadu
1185,0.0,0.0,0.0,04/03/20,0.0,Tamil Nadu
1186,0.0,0.0,0.0,05/03/20,0.0,Tamil Nadu
1187,0.0,0.0,0.0,06/03/20,0.0,Tamil Nadu
1188,0.0,0.0,0.0,30/01/20,0.0,Telengana
1189,0.0,0.0,0.0,31/01/20,0.0,Telengana
1190,0.0,0.0,0.0,01/02/20,0.0,Telengana
1191,0.0,0.0,0.0,02/02/20,0.0,Telengana
1192,0.0,0.0,0.0,03/02/20,0.0,Telengana
1193,0.0,0.0,0.0,04/02/20,0.0,Telengana
1194,0.0,0.0,0.0,05/02/20,0.0,Telengana
1195,0.0,0.0,0.0,06/02/20,0.0,Telengana
1196,0.0,0.0,0.0,07/02/20,0.0,Telengana
1197,0.0,0.0,0.0,08/02/20,0.0,Telengana
1198,0.0,0.0,0.0,09/02/20,0.0,Telengana
1199,0.0,0.0,0.0,10/02/20,0.0,Telengana
1200,0.0,0.0,0.0,11/02/20,0.0,Telengana
1201,0.0,0.0,0.0,12/02/20,0.0,Telengana
1202,0.0,0.0,0.0,13/02/20,0.0,Telengana
1203,0.0,0.0,0.0,14/02/20,0.0,Telengana
1204,0.0,0.0,0.0,15/02/20,0.0,Telengana
1205,0.0,0.0,0.0,16/02/20,0.0,Telengana
1206,0.0,0.0,0.0,17/02/20,0.0,Telengana
1207,0.0,0.0,0.0,18/02/20,0.0,Telengana
1208,0.0,0.0,0.0,19/02/20,0.0,Telengana
1209,0.0,0.0,0.0,20/02/20,0.0,Telengana
1210,0.0,0.0,0.0,21/02/20,0.0,Telengana
1211,0.0,0.0,0.0,22/02/20,0.0,Telengana
1212,0.0,0.0,0.0,23/02/20,0.0,Telengana
1213,0.0,0.0,0.0,24/02/20,0.0,Telengana
1214,0.0,0.0,0.0,25/02/20,0.0,Telengana
1215,0.0,0.0,0.0,26/02/20,0.0,Telengana
1216,0.0,0.0,0.0,27/02/20,0.0,Telengana
1217,0.0,0.0,0.0,28/02/20,0.0,Telengana
1218,0.0,0.0,0.0,29/02/20,0.0,Telengana
1219,0.0,0.0,0.0,01/03/20,0.0,Telengana
1220,0.0,0.0,0.0,30/01/20,0.0,Union Territory of Chandigarh
1221,0.0,0.0,0.0,31/01/20,0.0,Union Territory of Chandigarh
1222,0.0,0.0,0.0,01/02/20,0.0,Union Territory of Chandigarh
1223,0.0,0.0,0.0,02/02/20,0.0,Union Territory of Chandigarh
1224,0.0,0.0,0.0,03/02/20,0.0,Union Territory of Chandigarh
1225,0.0,0.0,0.0,04/02/20,0.0,Union Territory of Chandigarh
1226,0.0,0.0,0.0,05/02/20,0.0,Union Territory of Chandigarh
1227,0.0,0.0,0.0,06/02/20,0.0,Union Territory of Chandigarh
1228,0.0,0.0,0.0,07/02/20,0.0,Union Territory of Chandigarh
1229,0.0,0.0,0.0,08/02/20,0.0,Union Territory of Chandigarh
1230,0.0,0.0,0.0,09/02/20,0.0,Union Territory of Chandigarh
1231,0.0,0.0,0.0,10/02/20,0.0,Union Territory of Chandigarh
1232,0.0,0.0,0.0,11/02/20,0.0,Union Territory of Chandigarh
1233,0.0,0.0,0.0,12/02/20,0.0,Union Territory of Chandigarh
1234,0.0,0.0,0.0,13/02/20,0.0,Union Territory of Chandigarh
1235,0.0,0.0,0.0,14/02/20,0.0,Union Territory of Chandigarh
1236,0.0,0.0,0.0,15/02/20,0.0,Union Territory of Chandigarh
1237,0.0,0.0,0.0,16/02/20,0.0,Union Territory of Chandigarh
1238,0.0,0.0,0.0,17/02/20,0.0,Union Territory of Chandigarh
1239,0.0,0.0,0.0,18/02/20,0.0,Union Territory of Chandigarh
1240,0.0,0.0,0.0,19/02/20,0.0,Union Territory of Chandigarh
1241,0.0,0.0,0.0,20/02/20,0.0,Union Territory of Chandigarh
1242,0.0,0.0,0.0,21/02/20,0.0,Union Territory of Chandigarh
1243,0.0,0.0,0.0,22/02/20,0.0,Union Territory of Chandigarh
1244,0.0,0.0,0.0,23/02/20,0.0,Union Territory of Chandigarh
1245,0.0,0.0,0.0,24/02/20,0.0,Union Territory of Chandigarh
1246,0.0,0.0,0.0,25/02/20,0.0,Union Territory of Chandigarh
1247,0.0,0.0,0.0,26/02/20,0.0,Union Territory of Chandigarh
1248,0.0,0.0,0.0,27/02/20,0.0,Union Territory of Chandigarh
1249,0.0,0.0,0.0,28/02/20,0.0,Union Territory of Chandigarh
1250,0.0,0.0,0.0,29/02/20,0.0,Union Territory of Chandigarh
1251,0.0,0.0,0.0,01/03/20,0.0,Union Territory of Chandigarh
1252,0.0,0.0,0.0,02/03/20,0.0,Union Territory of Chandigarh
1253,0.0,0.0,0.0,03/03/20,0.0,Union Territory of Chandigarh
1254,0.0,0.0,0.0,04/03/20,0.0,Union Territory of Chandigarh
1255,0.0,0.0,0.0,05/03/20,0.0,Union Territory of Chandigarh
1256,0.0,0.0,0.0,06/03/20,0.0,Union Territory of Chandigarh
1257,0.0,0.0,0.0,07/03/20,0.0,Union Territory of Chandigarh
1258,0.0,0.0,0.0,08/03/20,0.0,Union Territory of Chandigarh
1259,0.0,0.0,0.0,09/03/20,0.0,Union Territory of Chandigarh
1260,0.0,0.0,0.0,10/03/20,0.0,Union Territory of Chandigarh
1261,0.0,0.0,0.0,11/03/20,0.0,Union Territory of Chandigarh
1262,0.0,0.0,0.0,12/03/20,0.0,Union Territory of Chandigarh
1263,0.0,0.0,0.0,13/03/20,0.0,Union Territory of Chandigarh
1264,0.0,0.0,0.0,14/03/20,0.0,Union Territory of Chandigarh
1265,0.0,0.0,0.0,15/03/20,0.0,Union Territory of Chandigarh
1266,0.0,0.0,0.0,16/03/20,0.0,Union Territory of Chandigarh
1267,0.0,0.0,0.0,17/03/20,0.0,Union Territory of Chandigarh
1268,0.0,0.0,0.0,18/03/20,0.0,Union Territory of Chandigarh
1269,0.0,0.0,0.0,30/01/20,0.0,Union Territory of Jammu and Kashmir
1270,0.0,0.0,0.0,31/01/20,0.0,Union Territory of Jammu and Kashmir
1271,0.0,0.0,0.0,01/02/20,0.0,Union Territory of Jammu and Kashmir
1272,0.0,0.0,0.0,02/02/20,0.0,Union Territory of Jammu and Kashmir
1273,0.0,0.0,0.0,03/02/20,0.0,Union Territory of Jammu and Kashmir
1274,0.0,0.0,0.0,04/02/20,0.0,Union Territory of Jammu and Kashmir
1275,0.0,0.0,0.0,05/02/20,0.0,Union Territory of Jammu and Kashmir
1276,0.0,0.0,0.0,06/02/20,0.0,Union Territory of Jammu and Kashmir
1277,0.0,0.0,0.0,07/02/20,0.0,Union Territory of Jammu and Kashmir
1278,0.0,0.0,0.0,08/02/20,0.0,Union Territory of Jammu and Kashmir
1279,0.0,0.0,0.0,09/02/20,0.0,Union Territory of Jammu and Kashmir
1280,0.0,0.0,0.0,10/02/20,0.0,Union Territory of Jammu and Kashmir
1281,0.0,0.0,0.0,11/02/20,0.0,Union Territory of Jammu and Kashmir
1282,0.0,0.0,0.0,12/02/20,0.0,Union Territory of Jammu and Kashmir
1283,0.0,0.0,0.0,13/02/20,0.0,Union Territory of Jammu and Kashmir
1284,0.0,0.0,0.0,14/02/20,0.0,Union Territory of Jammu and Kashmir
1285,0.0,0.0,0.0,15/02/20,0.0,Union Territory of Jammu and Kashmir
1286,0.0,0.0,0.0,16/02/20,0.0,Union Territory of Jammu and Kashmir
1287,0.0,0.0,0.0,17/02/20,0.0,Union Territory of Jammu and Kashmir
1288,0.0,0.0,0.0,18/02/20,0.0,Union Territory of Jammu and Kashmir
1289,0.0,0.0,0.0,19/02/20,0.0,Union Territory of Jammu and Kashmir
1290,0.0,0.0,0.0,20/02/20,0.0,Union Territory of Jammu and Kashmir
1291,0.0,0.0,0.0,21/02/20,0.0,Union Territory of Jammu and Kashmir
1292,0.0,0.0,0.0,22/02/20,0.0,Union Territory of Jammu and Kashmir
1293,0.0,0.0,0.0,23/02/20,0.0,Union Territory of Jammu and Kashmir
1294,0.0,0.0,0.0,24/02/20,0.0,Union Territory of Jammu and Kashmir
1295,0.0,0.0,0.0,25/02/20,0.0,Union Territory of Jammu and Kashmir
1296,0.0,0.0,0.0,26/02/20,0.0,Union Territory of Jammu and Kashmir
1297,0.0,0.0,0.0,27/02/20,0.0,Union Territory of Jammu and Kashmir
1298,0.0,0.0,0.0,28/02/20,0.0,Union Territory of Jammu and Kashmir
1299,0.0,0.0,0.0,29/02/20,0.0,Union Territory of Jammu and Kashmir
1300,0.0,0.0,0.0,01/03/20,0.0,Union Territory of Jammu and Kashmir
1301,0.0,0.0,0.0,02/03/20,0.0,Union Territory of Jammu and Kashmir
1302,0.0,0.0,0.0,03/03/20,0.0,Union Territory of Jammu and Kashmir
1303,0.0,0.0,0.0,04/03/20,0.0,Union Territory of Jammu and Kashmir
1304,0.0,0.0,0.0,05/03/20,0.0,Union Territory of Jammu and Kashmir
1305,0.0,0.0,0.0,06/03/20,0.0,Union Territory of Jammu and Kashmir
1306,0.0,0.0,0.0,07/03/20,0.0,Union Territory of Jammu and Kashmir
1307,0.0,0.0,0.0,08/03/20,0.0,Union Territory of Jammu and Kashmir
1308,0.0,0.0,0.0,30/01/20,0.0,Union Territory of Ladakh
1309,0.0,0.0,0.0,31/01/20,0.0,Union Territory of Ladakh
1310,0.0,0.0,0.0,01/02/20,0.0,Union Territory of Ladakh
1311,0.0,0.0,0.0,02/02/20,0.0,Union Territory of Ladakh
1312,0.0,0.0,0.0,03/02/20,0.0,Union Territory of Ladakh
1313,0.0,0.0,0.0,04/02/20,0.0,Union Territory of Ladakh
1314,0.0,0.0,0.0,05/02/20,0.0,Union Territory of Ladakh
1315,0.0,0.0,0.0,06/02/20,0.0,Union Territory of Ladakh
1316,0.0,0.0,0.0,07/02/20,0.0,Union Territory of Ladakh
1317,0.0,0.0,0.0,08/02/20,0.0,Union Territory of Ladakh
1318,0.0,0.0,0.0,09/02/20,0.0,Union Territory of Ladakh
1319,0.0,0.0,0.0,10/02/20,0.0,Union Territory of Ladakh
1320,0.0,0.0,0.0,11/02/20,0.0,Union Territory of Ladakh
1321,0.0,0.0,0.0,12/02/20,0.0,Union Territory of Ladakh
1322,0.0,0.0,0.0,13/02/20,0.0,Union Territory of Ladakh
1323,0.0,0.0,0.0,14/02/20,0.0,Union Territory of Ladakh
1324,0.0,0.0,0.0,15/02/20,0.0,Union Territory of Ladakh
1325,0.0,0.0,0.0,16/02/20,0.0,Union Territory of Ladakh
1326,0.0,0.0,0.0,17/02/20,0.0,Union Territory of Ladakh
1327,0.0,0.0,0.0,18/02/20,0.0,Union Territory of Ladakh
1328,0.0,0.0,0.0,19/02/20,0.0,Union Territory of Ladakh
1329,0.0,0.0,0.0,20/02/20,0.0,Union Territory of Ladakh
1330,0.0,0.0,0.0,21/02/20,0.0,Union Territory of Ladakh
1331,0.0,0.0,0.0,22/02/20,0.0,Union Territory of Ladakh
1332,0.0,0.0,0.0,23/02/20,0.0,Union Territory of Ladakh
1333,0.0,0.0,0.0,24/02/20,0.0,Union Territory of Ladakh
1334,0.0,0.0,0.0,25/02/20,0.0,Union Territory of Ladakh
1335,0.0,0.0,0.0,26/02/20,0.0,Union Territory of Ladakh
1336,0.0,0.0,0.0,27/02/20,0.0,Union Territory of Ladakh
1337,0.0,0.0,0.0,28/02/20,0.0,Union Territory of Ladakh
1338,0.0,0.0,0.0,29/02/20,0.0,Union Territory of Ladakh
1339,0.0,0.0,0.0,01/03/20,0.0,Union Territory of Ladakh
1340,0.0,0.0,0.0,02/03/20,0.0,Union Territory of Ladakh
1341,0.0,0.0,0.0,03/03/20,0.0,Union Territory of Ladakh
1342,0.0,0.0,0.0,04/03/20,0.0,Union Territory of Ladakh
1343,0.0,0.0,0.0,05/03/20,0.0,Union Territory of Ladakh
1344,0.0,0.0,0.0,06/03/20,0.0,Union Territory of Ladakh
1345,0.0,0.0,0.0,30/01/20,0.0,Uttar Pradesh
1346,0.0,0.0,0.0,31/01/20,0.0,Uttar Pradesh
1347,0.0,0.0,0.0,01/02/20,0.0,Uttar Pradesh
1348,0.0,0.0,0.0,02/02/20,0.0,Uttar Pradesh
1349,0.0,0.0,0.0,03/02/20,0.0,Uttar Pradesh
1350,0.0,0.0,0.0,04/02/20,0.0,Uttar Pradesh
1351,0.0,0.0,0.0,05/02/20,0.0,Uttar Pradesh
1352,0.0,0.0,0.0,06/02/20,0.0,Uttar Pradesh
1353,0.0,0.0,0.0,07/02/20,0.0,Uttar Pradesh
1354,0.0,0.0,0.0,08/02/20,0.0,Uttar Pradesh
1355,0.0,0.0,0.0,09/02/20,0.0,Uttar Pradesh
1356,0.0,0.0,0.0,10/02/20,0.0,Uttar Pradesh
1357,0.0,0.0,0.0,11/02/20,0.0,Uttar Pradesh
1358,0.0,0.0,0.0,12/02/20,0.0,Uttar Pradesh
1359,0.0,0.0,0.0,13/02/20,0.0,Uttar Pradesh
1360,0.0,0.0,0.0,14/02/20,0.0,Uttar Pradesh
1361,0.0,0.0,0.0,15/02/20,0.0,Uttar Pradesh
1362,0.0,0.0,0.0,16/02/20,0.0,Uttar Pradesh
1363,0.0,0.0,0.0,17/02/20,0.0,Uttar Pradesh
1364,0.0,0.0,0.0,18/02/20,0.0,Uttar Pradesh
1365,0.0,0.0,0.0,19/02/20,0.0,Uttar Pradesh
1366,0.0,0.0,0.0,20/02/20,0.0,Uttar Pradesh
1367,0.0,0.0,0.0,21/02/20,0.0,Uttar Pradesh
1368,0.0,0.0,0.0,22/02/20,0.0,Uttar Pradesh
1369,0.0,0.0,0.0,23/02/20,0.0,Uttar Pradesh
1370,0.0,0.0,0.0,24/02/20,0.0,Uttar Pradesh
1371,0.0,0.0,0.0,25/02/20,0.0,Uttar Pradesh
1372,0.0,0.0,0.0,26/02/20,0.0,Uttar Pradesh
1373,0.0,0.0,0.0,27/02/20,0.0,Uttar Pradesh
1374,0.0,0.0,0.0,28/02/20,0.0,Uttar Pradesh
1375,0.0,0.0,0.0,29/02/20,0.0,Uttar Pradesh
1376,0.0,0.0,0.0,01/03/20,0.0,Uttar Pradesh
1377,0.0,0.0,0.0,02/03/20,0.0,Uttar Pradesh
1378,0.0,0.0,0.0,03/03/20,0.0,Uttar Pradesh
1379,0.0,0.0,0.0,30/01/20,0.0,Uttarakhand
1380,0.0,0.0,0.0,31/01/20,0.0,Uttarakhand
1381,0.0,0.0,0.0,01/02/20,0.0,Uttarakhand
1382,0.0,0.0,0.0,02/02/20,0.0,Uttarakhand
1383,0.0,0.0,0.0,03/02/20,0.0,Uttarakhand
1384,0.0,0.0,0.0,04/02/20,0.0,Uttarakhand
1385,0.0,0.0,0.0,05/02/20,0.0,Uttarakhand
1386,0.0,0.0,0.0,06/02/20,0.0,Uttarakhand
1387,0.0,0.0,0.0,07/02/20,0.0,Uttarakhand
1388,0.0,0.0,0.0,08/02/20,0.0,Uttarakhand
1389,0.0,0.0,0.0,09/02/20,0.0,Uttarakhand
1390,0.0,0.0,0.0,10/02/20,0.0,Uttarakhand
1391,0.0,0.0,0.0,11/02/20,0.0,Uttarakhand
1392,0.0,0.0,0.0,12/02/20,0.0,Uttarakhand
1393,0.0,0.0,0.0,13/02/20,0.0,Uttarakhand
1394,0.0,0.0,0.0,14/02/20,0.0,Uttarakhand
1395,0.0,0.0,0.0,15/02/20,0.0,Uttarakhand
1396,0.0,0.0,0.0,16/02/20,0.0,Uttarakhand
1397,0.0,0.0,0.0,17/02/20,0.0,Uttarakhand
1398,0.0,0.0,0.0,18/02/20,0.0,Uttarakhand
1399,0.0,0.0,0.0,19/02/20,0.0,Uttarakhand
1400,0.0,0.0,0.0,20/02/20,0.0,Uttarakhand
1401,0.0,0.0,0.0,21/02/20,0.0,Uttarakhand
1402,0.0,0.0,0.0,22/02/20,0.0,Uttarakhand
1403,0.0,0.0,0.0,23/02/20,0.0,Uttarakhand
1404,0.0,0.0,0.0,24/02/20,0.0,Uttarakhand
1405,0.0,0.0,0.0,25/02/20,0.0,Uttarakhand
1406,0.0,0.0,0.0,26/02/20,0.0,Uttarakhand
1407,0.0,0.0,0.0,27/02/20,0.0,Uttarakhand
1408,0.0,0.0,0.0,28/02/20,0.0,Uttarakhand
1409,0.0,0.0,0.0,29/02/20,0.0,Uttarakhand
1410,0.0,0.0,0.0,01/03/20,0.0,Uttarakhand
1411,0.0,0.0,0.0,02/03/20,0.0,Uttarakhand
1412,0.0,0.0,0.0,03/03/20,0.0,Uttarakhand
1413,0.0,0.0,0.0,04/03/20,0.0,Uttarakhand
1414,0.0,0.0,0.0,05/03/20,0.0,Uttarakhand
1415,0.0,0.0,0.0,06/03/20,0.0,Uttarakhand
1416,0.0,0.0,0.0,07/03/20,0.0,Uttarakhand
1417,0.0,0.0,0.0,08/03/20,0.0,Uttarakhand
1418,0.0,0.0,0.0,09/03/20,0.0,Uttarakhand
1419,0.0,0.0,0.0,10/03/20,0.0,Uttarakhand
1420,0.0,0.0,0.0,11/03/20,0.0,Uttarakhand
1421,0.0,0.0,0.0,12/03/20,0.0,Uttarakhand
1422,0.0,0.0,0.0,13/03/20,0.0,Uttarakhand
1423,0.0,0.0,0.0,14/03/20,0.0,Uttarakhand
1424,0.0,0.0,0.0,30/01/20,0.0,West Bengal
1425,0.0,0.0,0.0,31/01/20,0.0,West Bengal
1426,0.0,0.0,0.0,01/02/20,0.0,West Bengal
1427,0.0,0.0,0.0,02/02/20,0.0,West Bengal
1428,0.0,0.0,0.0,03/02/20,0.0,West Bengal
1429,0.0,0.0,0.0,04/02/20,0.0,West Bengal
1430,0.0,0.0,0.0,05/02/20,0.0,West Bengal
1431,0.0,0.0,0.0,06/02/20,0.0,West Bengal
1432,0.0,0.0,0.0,07/02/20,0.0,West Bengal
1433,0.0,0.0,0.0,08/02/20,0.0,West Bengal
1434,0.0,0.0,0.0,09/02/20,0.0,West Bengal
1435,0.0,0.0,0.0,10/02/20,0.0,West Bengal
1436,0.0,0.0,0.0,11/02/20,0.0,West Bengal
1437,0.0,0.0,0.0,12/02/20,0.0,West Bengal
1438,0.0,0.0,0.0,13/02/20,0.0,West Bengal
1439,0.0,0.0,0.0,14/02/20,0.0,West Bengal
1440,0.0,0.0,0.0,15/02/20,0.0,West Bengal
1441,0.0,0.0,0.0,16/02/20,0.0,West Bengal
1442,0.0,0.0,0.0,17/02/20,0.0,West Bengal
1443,0.0,0.0,0.0,18/02/20,0.0,West Bengal
1444,0.0,0.0,0.0,19/02/20,0.0,West Bengal
1445,0.0,0.0,0.0,20/02/20,0.0,West Bengal
1446,0.0,0.0,0.0,21/02/20,0.0,West Bengal
1447,0.0,0.0,0.0,22/02/20,0.0,West Bengal
1448,0.0,0.0,0.0,23/02/20,0.0,West Bengal
1449,0.0,0.0,0.0,24/02/20,0.0,West Bengal
1450,0.0,0.0,0.0,25/02/20,0.0,West Bengal
1451,0.0,0.0,0.0,26/02/20,0.0,West Bengal
1452,0.0,0.0,0.0,27/02/20,0.0,West Bengal
1453,0.0,0.0,0.0,28/02/20,0.0,West Bengal
1454,0.0,0.0,0.0,29/02/20,0.0,West Bengal
1455,0.0,0.0,0.0,01/03/20,0.0,West Bengal
1456,0.0,0.0,0.0,02/03/20,0.0,West Bengal
1457,0.0,0.0,0.0,03/03/20,0.0,West Bengal
1458,0.0,0.0,0.0,04/03/20,0.0,West Bengal
1459,0.0,0.0,0.0,05/03/20,0.0,West Bengal
1460,0.0,0.0,0.0,06/03/20,0.0,West Bengal
1461,0.0,0.0,0.0,07/03/20,0.0,West Bengal
1462,0.0,0.0,0.0,08/03/20,0.0,West Bengal
1463,0.0,0.0,0.0,09/03/20,0.0,West Bengal
1464,0.0,0.0,0.0,10/03/20,0.0,West Bengal
1465,0.0,0.0,0.0,11/03/20,0.0,West Bengal
1466,0.0,0.0,0.0,12/03/20,0.0,West Bengal
1467,0.0,0.0,0.0,13/03/20,0.0,West Bengal
1468,0.0,0.0,0.0,14/03/20,0.0,West Bengal
1469,0.0,0.0,0.0,15/03/20,0.0,West Bengal
1470,0.0,0.0,0.0,16/03/20,0.0,West Bengal
1471,0.0,0.0,0.0,17/03/20,0.0,West Bengal
